,IQ
0,80
1,96
2,89
3,87
4,106
5,112
6,82
7,100
8,98
9,93
10,85
11,116
12,84
13,80
14,116
15,102
16,82
17,98
18,90
19,122
20,96
21,107
22,99
23,121
24,103
25,117
26,108
27,91
28,100
29,96
30,91
31,83
32,120
33,69
34,119
35,79
36,108
37,91
38,74
39,117
40,64
41,111
42,101
43,115
44,109
45,109
46,113
47,112
48,106
49,94
50,96
51,101
52,96
53,132
54,98
55,82
56,98
57,87
58,129
59,101
60,109
61,107
62,114
63,103
64,94
65,100
66,81
67,97
68,126
69,111
70,98
71,130
72,90
73,105
74,95
75,96
76,105
77,108
78,96
79,87
80,127
81,101
82,84
83,84
84,129
85,136
86,105
87,90
88,104
89,95
90,108
91,105
92,99
93,98
94,96
95,114
96,97
97,130
98,132
99,94
100,94
101,99
102,90
103,112
104,117
105,119
106,96
107,96
108,70
109,90
110,86
111,83
112,92
113,95
114,99
115,120
116,117
117,83
118,106
119,88
120,102
121,119
122,92
123,85
124,100
125,119
126,130
127,90
128,101
129,104
130,78
131,77
132,104
133,94
134,78
135,110
136,100
137,100
138,83
139,74
140,91
141,100
142,89
143,83
144,94
145,100
146,121
147,102
148,77
149,69
150,63
151,105
152,84
153,107
154,117
155,108
156,96
157,127
158,93
159,86
160,105
161,111
162,61
163,116
164,75
165,69
166,94
167,84
168,106
169,105
170,104
171,118
172,95
173,105
174,74
175,114
176,92
177,95
178,94
179,98
180,94
181,67
182,118
183,90
184,94
185,97
186,107
187,92
188,115
189,128
190,124
191,103
192,91
193,90
194,94
195,87
196,106
197,96
198,99
199,95
200,106
201,103
202,94
203,97
204,97
205,110
206,88
207,93
208,71
209,83
210,96
211,93
212,70
213,107
214,86
215,75
216,105
217,112
218,63
219,110
220,96
221,96
222,83
223,97
224,98
225,133
226,107
227,99
228,117
229,113
230,78
231,109
232,101
233,89
234,84
235,97
236,99
237,117
238,66
239,81
240,102
241,97
242,101
243,93
244,103
245,76
246,131
247,106
248,106
249,84
250,91
251,107
252,94
253,104
254,88
255,79
256,116
257,86
258,113
259,87
260,97
261,94
262,96
263,111
264,124
265,97
266,101
267,95
268,101
269,89
270,84
271,104
272,103
273,117
274,100
275,99
276,107
277,114
278,97
279,61
280,84
281,116
282,125
283,120
284,93
285,95
286,111
287,109
288,62
289,100
290,99
291,82
292,91
293,103
294,96
295,113
296,126
297,114
298,106
299,97
300,111
301,90
302,91
303,81
304,76
305,119
306,104
307,107
308,98
309,128
310,126
311,99
312,99
313,96
314,83
315,93
316,95
317,66
318,65
319,99
320,112
321,88
322,126
323,95
324,87
325,78
326,101
327,69
328,88
329,100
330,79
331,92
332,100
333,81
334,109
335,114
336,84
337,96
338,98
339,105
340,95
341,89
342,84
343,112
344,91
345,88
346,115
347,102
348,84
349,97
350,85
351,82
352,91
353,96
354,90
355,108
356,109
357,89
358,97
359,92
360,85
361,102
362,71
363,85
364,82
365,86
366,83
367,75
368,95
369,94
370,99
371,103
372,106
373,87
374,100
375,96
376,98
377,93
378,87
379,96
380,92
381,104
382,114
383,85
384,91
385,134
386,72
387,75
388,115
389,128
390,121
391,104
392,93
393,95
394,106
395,114
396,108
397,69
398,82
399,104
400,79
401,71
402,113
403,103
404,123
405,114
406,90
407,103
408,88
409,75
410,117
411,97
412,120
413,101
414,104
415,108
416,97
417,96
418,103
419,118
420,107
421,100
422,93
423,98
424,87
425,85
426,96
427,100
428,110
429,83
430,100
431,106
432,85
433,93
434,111
435,99
436,69
437,111
438,101
439,75
440,86
441,98
442,104
443,115
444,86
445,93
446,113
447,115
448,95
449,92
450,107
451,68
452,99
453,99
454,92
455,107
456,116
457,85
458,89
459,109
460,78
461,92
462,132
463,102
464,95
465,74
466,63
467,115
468,82
469,100
470,119
471,92
472,93
473,110
474,120
475,112
476,122
477,65
478,106
479,119
480,106
481,97
482,81
483,88
484,122
485,99
486,90
487,76
488,106
489,87
490,99
491,125
492,111
493,119
494,102
495,110
496,119
497,87
498,99
499,89
500,90
501,97
502,85
503,94
504,110
505,98
506,88
507,111
508,86
509,83
510,118
511,112
512,94
513,128
514,91
515,110
516,76
517,84
518,115
519,121
520,97
521,134
522,119
523,89
524,94
525,79
526,93
527,103
528,100
529,100
530,114
531,102
532,110
533,106
534,104
535,113
536,112
537,83
538,127
539,101
540,85
541,99
542,103
543,108
544,114
545,111
546,127
547,101
548,97
549,77
550,114
551,109
552,91
553,103
554,99
555,102
556,95
557,101
558,77
559,93
560,104
561,89
562,105
563,130
564,82
565,72
566,118
567,131
568,105
569,100
570,90
571,108
572,99
573,112
574,74
575,104
576,87
577,114
578,82
579,109
580,91
581,93
582,112
583,88
584,77
585,101
586,90
587,79
588,105
589,104
590,101
591,107
592,70
593,88
594,104
595,115
596,103
597,117
598,89
599,90
600,94
601,98
602,73
603,99
604,99
605,90
606,88
607,104
608,108
609,102
610,102
611,99
612,100
613,110
614,124
615,122
616,83
617,68
618,107
619,100
620,99
621,105
622,96
623,75
624,82
625,83
626,110
627,128
628,92
629,139
630,71
631,92
632,102
633,61
634,122
635,89
636,100
637,106
638,76
639,136
640,102
641,94
642,83
643,103
644,76
645,102
646,120
647,117
648,91
649,95
650,108
651,117
652,122
653,124
654,86
655,111
656,79
657,93
658,82
659,82
660,103
661,89
662,104
663,81
664,107
665,93
666,95
667,80
668,115
669,102
670,108
671,80
672,110
673,100
674,92
675,120
676,106
677,106
678,70
679,116
680,106
681,118
682,91
683,89
684,124
685,114
686,78
687,100
688,115
689,102
690,91
691,89
692,100
693,115
694,85
695,67
696,93
697,106
698,110
699,84
700,104
701,90
702,111
703,98
704,112
705,101
706,107
707,93
708,89
709,95
710,109
711,137
712,118
713,122
714,98
715,91
716,66
717,91
718,79
719,111
720,97
721,80
722,108
723,104
724,82
725,122
726,88
727,108
728,98
729,124
730,113
731,83
732,127
733,80
734,84
735,124
736,99
737,104
738,106
739,83
740,128
741,132
742,71
743,93
744,110
745,98
746,91
747,108
748,109
749,125
750,73
751,84
752,88
753,135
754,122
755,104
756,98
757,106
758,117
759,96
760,104
761,94
762,79
763,73
764,89
765,94
766,106
767,104
768,79
769,100
770,91
771,96
772,101
773,119
774,93
775,125
776,80
777,86
778,98
779,82
780,80
781,101
782,80
783,85
784,98
785,125
786,97
787,101
788,82
789,84
790,65
791,85
792,111
793,91
794,102
795,103
796,111
797,124
798,109
799,96
800,111
801,104
802,66
803,82
804,96
805,91
806,98
807,63
808,112
809,99
810,118
811,100
812,103
813,84
814,81
815,101
816,100
817,75
818,114
819,100
820,92
821,86
822,111
823,89
824,103
825,97
826,92
827,80
828,119
829,84
830,87
831,120
832,98
833,104
834,122
835,122
836,91
837,117
838,75
839,73
840,100
841,98
842,109
843,108
844,110
845,124
846,129
847,113
848,99
849,96
850,99
851,91
852,113
853,115
854,90
855,97
856,73
857,98
858,100
859,83
860,92
861,82
862,76
863,122
864,76
865,101
866,114
867,121
868,84
869,119
870,102
871,108
872,126
873,109
874,86
875,69
876,109
877,106
878,88
879,102
880,79
881,105
882,79
883,118
884,131
885,104
886,105
887,108
888,104
889,83
890,121
891,106
892,108
893,115
894,114
895,118
896,106
897,87
898,106
899,99
900,86
901,121
902,97
903,103
904,89
905,99
906,113
907,130
908,78
909,100
910,53
911,93
912,101
913,102
914,124
915,96
916,123
917,103
918,92
919,102
920,101
921,102
922,89
923,89
924,117
925,115
926,87
927,97
928,105
929,112
930,102
931,117
932,98
933,123
934,138
935,101
936,105
937,85
938,97
939,102
940,110
941,96
942,111
943,94
944,115
945,106
946,105
947,93
948,98
949,94
950,113
951,79
952,89
953,118
954,102
955,118
956,112
957,113
958,106
959,90
960,101
961,81
962,97
963,91
964,72
965,106
966,104
967,118
968,81
969,116
970,65
971,97
972,129
973,99
974,88
975,98
976,112
977,95
978,105
979,105
980,108
981,115
982,129
983,101
984,104
985,82
986,114
987,120
988,110
989,79
990,93
991,100
992,87
993,132
994,106
995,113
996,114
997,101
998,81
999,111
1000,130
1001,94
1002,91
1003,112
1004,113
1005,117
1006,97
1007,97
1008,60
1009,100
1010,91
1011,66
1012,128
1013,103
1014,73
1015,105
1016,127
1017,118
1018,114
1019,81
1020,91
1021,86
1022,100
1023,111
1024,106
1025,86
1026,97
1027,115
1028,107
1029,105
1030,86
1031,102
1032,82
1033,87
1034,77
1035,125
1036,126
1037,84
1038,88
1039,95
1040,118
1041,109
1042,120
1043,125
1044,107
1045,104
1046,120
1047,116
1048,116
1049,107
1050,115
1051,95
1052,91
1053,94
1054,134
1055,84
1056,114
1057,129
1058,105
1059,95
1060,108
1061,92
1062,86
1063,120
1064,119
1065,95
1066,92
1067,103
1068,98
1069,87
1070,77
1071,78
1072,81
1073,84
1074,103
1075,87
1076,88
1077,81
1078,81
1079,81
1080,98
1081,115
1082,122
1083,100
1084,115
1085,88
1086,108
1087,86
1088,106
1089,87
1090,88
1091,99
1092,124
1093,112
1094,89
1095,84
1096,87
1097,109
1098,103
1099,109
1100,92
1101,105
1102,104
1103,118
1104,123
1105,113
1106,118
1107,99
1108,89
1109,99
1110,98
1111,97
1112,99
1113,97
1114,93
1115,98
1116,112
1117,87
1118,120
1119,116
1120,101
1121,64
1122,67
1123,101
1124,110
1125,126
1126,93
1127,92
1128,81
1129,108
1130,100
1131,92
1132,100
1133,98
1134,114
1135,93
1136,99
1137,112
1138,96
1139,88
1140,80
1141,84
1142,90
1143,114
1144,88
1145,96
1146,84
1147,100
1148,104
1149,105
1150,126
1151,99
1152,104
1153,91
1154,132
1155,112
1156,113
1157,116
1158,111
1159,117
1160,97
1161,133
1162,76
1163,95
1164,125
1165,97
1166,109
1167,92
1168,106
1169,94
1170,117
1171,104
1172,73
1173,87
1174,85
1175,121
1176,81
1177,95
1178,131
1179,118
1180,87
1181,86
1182,85
1183,103
1184,92
1185,103
1186,104
1187,100
1188,102
1189,101
1190,88
1191,78
1192,100
1193,88
1194,114
1195,81
1196,94
1197,102
1198,118
1199,94
1200,102
1201,109
1202,111
1203,105
1204,127
1205,94
1206,125
1207,110
1208,103
1209,104
1210,114
1211,89
1212,102
1213,96
1214,124
1215,90
1216,129
1217,93
1218,79
1219,86
1220,87
1221,124
1222,79
1223,104
1224,122
1225,141
1226,98
1227,101
1228,82
1229,94
1230,132
1231,113
1232,118
1233,109
1234,116
1235,129
1236,93
1237,111
1238,89
1239,69
1240,103
1241,101
1242,98
1243,90
1244,102
1245,106
1246,129
1247,108
1248,108
1249,88
1250,85
1251,85
1252,95
1253,100
1254,103
1255,87
1256,66
1257,93
1258,114
1259,94
1260,98
1261,76
1262,101
1263,106
1264,91
1265,114
1266,117
1267,131
1268,86
1269,104
1270,82
1271,109
1272,107
1273,71
1274,104
1275,97
1276,82
1277,95
1278,130
1279,108
1280,87
1281,95
1282,70
1283,83
1284,125
1285,113
1286,106
1287,105
1288,121
1289,104
1290,95
1291,98
1292,96
1293,95
1294,125
1295,84
1296,92
1297,72
1298,115
1299,105
1300,126
1301,90
1302,88
1303,82
1304,106
1305,94
1306,104
1307,93
1308,121
1309,118
1310,101
1311,115
1312,98
1313,99
1314,67
1315,107
1316,100
1317,113
1318,110
1319,88
1320,97
1321,92
1322,115
1323,123
1324,111
1325,129
1326,107
1327,85
1328,79
1329,86
1330,93
1331,89
1332,100
1333,97
1334,101
1335,136
1336,113
1337,104
1338,115
1339,87
1340,87
1341,113
1342,99
1343,101
1344,82
1345,92
1346,93
1347,92
1348,132
1349,131
1350,117
1351,101
1352,91
1353,84
1354,105
1355,119
1356,111
1357,101
1358,110
1359,99
1360,95
1361,84
1362,95
1363,104
1364,93
1365,82
1366,101
1367,104
1368,94
1369,99
1370,62
1371,111
1372,104
1373,121
1374,96
1375,111
1376,117
1377,100
1378,105
1379,102
1380,76
1381,105
1382,85
1383,87
1384,107
1385,119
1386,111
1387,108
1388,105
1389,113
1390,125
1391,91
1392,91
1393,110
1394,74
1395,98
1396,103
1397,91
1398,71
1399,120
1400,91
1401,91
1402,119
1403,55
1404,122
1405,133
1406,86
1407,92
1408,107
1409,103
1410,114
1411,107
1412,112
1413,151
1414,76
1415,120
1416,122
1417,83
1418,88
1419,107
1420,81
1421,90
1422,103
1423,89
1424,96
1425,86
1426,85
1427,107
1428,98
1429,101
1430,110
1431,102
1432,94
1433,86
1434,106
1435,129
1436,113
1437,77
1438,69
1439,88
1440,76
1441,80
1442,64
1443,103
1444,82
1445,82
1446,90
1447,90
1448,96
1449,78
1450,114
1451,104
1452,106
1453,93
1454,116
1455,107
1456,102
1457,114
1458,74
1459,102
1460,89
1461,89
1462,111
1463,120
1464,119
1465,100
1466,95
1467,118
1468,85
1469,125
1470,94
1471,99
1472,92
1473,100
1474,86
1475,94
1476,102
1477,98
1478,62
1479,137
1480,123
1481,82
1482,90
1483,97
1484,109
1485,107
1486,83
1487,135
1488,94
1489,127
1490,90
1491,115
1492,105
1493,87
1494,108
1495,102
1496,113
1497,88
1498,98
1499,112
1500,72
1501,82
1502,100
1503,102
1504,98
1505,111
1506,98
1507,115
1508,104
1509,83
1510,102
1511,98
1512,89
1513,77
1514,82
1515,87
1516,115
1517,95
1518,118
1519,84
1520,89
1521,91
1522,95
1523,103
1524,109
1525,118
1526,67
1527,130
1528,84
1529,101
1530,114
1531,109
1532,116
1533,115
1534,106
1535,111
1536,81
1537,89
1538,85
1539,64
1540,85
1541,84
1542,86
1543,110
1544,88
1545,112
1546,76
1547,90
1548,94
1549,117
1550,100
1551,104
1552,83
1553,112
1554,99
1555,73
1556,110
1557,104
1558,94
1559,94
1560,83
1561,117
1562,110
1563,84
1564,100
1565,89
1566,80
1567,123
1568,94
1569,87
1570,82
1571,96
1572,68
1573,97
1574,118
1575,113
1576,107
1577,136
1578,103
1579,86
1580,112
1581,102
1582,100
1583,104
1584,94
1585,128
1586,75
1587,112
1588,101
1589,106
1590,94
1591,122
1592,113
1593,88
1594,116
1595,104
1596,91
1597,74
1598,111
1599,89
1600,107
1601,121
1602,87
1603,120
1604,82
1605,122
1606,127
1607,113
1608,106
1609,113
1610,94
1611,80
1612,88
1613,134
1614,82
1615,114
1616,98
1617,94
1618,125
1619,101
1620,113
1621,135
1622,96
1623,107
1624,110
1625,95
1626,107
1627,116
1628,111
1629,101
1630,56
1631,78
1632,127
1633,85
1634,117
1635,81
1636,85
1637,110
1638,123
1639,109
1640,105
1641,79
1642,68
1643,93
1644,102
1645,99
1646,133
1647,76
1648,95
1649,125
1650,109
1651,83
1652,66
1653,94
1654,84
1655,93
1656,134
1657,84
1658,90
1659,113
1660,104
1661,122
1662,112
1663,89
1664,107
1665,101
1666,73
1667,132
1668,84
1669,98
1670,92
1671,101
1672,102
1673,108
1674,92
1675,116
1676,89
1677,92
1678,74
1679,103
1680,122
1681,96
1682,126
1683,83
1684,79
1685,120
1686,97
1687,85
1688,103
1689,104
1690,114
1691,95
1692,79
1693,95
1694,99
1695,116
1696,77
1697,94
1698,104
1699,123
1700,89
1701,87
1702,109
1703,65
1704,91
1705,108
1706,105
1707,103
1708,75
1709,80
1710,120
1711,98
1712,96
1713,88
1714,100
1715,92
1716,112
1717,84
1718,112
1719,124
1720,109
1721,81
1722,112
1723,92
1724,92
1725,102
1726,96
1727,93
1728,110
1729,101
1730,71
1731,115
1732,117
1733,109
1734,109
1735,96
1736,82
1737,102
1738,123
1739,104
1740,124
1741,125
1742,99
1743,93
1744,93
1745,98
1746,85
1747,108
1748,114
1749,72
1750,126
1751,92
1752,95
1753,104
1754,87
1755,91
1756,87
1757,99
1758,91
1759,105
1760,80
1761,106
1762,83
1763,115
1764,112
1765,67
1766,112
1767,60
1768,82
1769,115
1770,91
1771,123
1772,110
1773,93
1774,91
1775,122
1776,92
1777,72
1778,86
1779,101
1780,88
1781,135
1782,90
1783,90
1784,85
1785,113
1786,95
1787,112
1788,117
1789,105
1790,104
1791,81
1792,77
1793,77
1794,101
1795,134
1796,91
1797,115
1798,107
1799,100
1800,96
1801,93
1802,93
1803,109
1804,112
1805,93
1806,93
1807,91
1808,115
1809,113
1810,122
1811,87
1812,90
1813,124
1814,119
1815,85
1816,86
1817,103
1818,118
1819,86
1820,101
1821,116
1822,96
1823,98
1824,121
1825,93
1826,119
1827,97
1828,83
1829,108
1830,90
1831,82
1832,129
1833,106
1834,95
1835,95
1836,122
1837,124
1838,91
1839,103
1840,94
1841,111
1842,94
1843,71
1844,84
1845,115
1846,89
1847,111
1848,105
1849,89
1850,97
1851,90
1852,94
1853,73
1854,98
1855,91
1856,101
1857,107
1858,109
1859,91
1860,90
1861,97
1862,116
1863,92
1864,89
1865,83
1866,107
1867,95
1868,84
1869,88
1870,110
1871,102
1872,89
1873,108
1874,115
1875,109
1876,103
1877,125
1878,119
1879,100
1880,115
1881,109
1882,91
1883,124
1884,125
1885,117
1886,109
1887,114
1888,94
1889,116
1890,80
1891,95
1892,62
1893,106
1894,115
1895,124
1896,96
1897,103
1898,99
1899,127
1900,104
1901,127
1902,118
1903,111
1904,91
1905,83
1906,101
1907,101
1908,82
1909,116
1910,102
1911,108
1912,125
1913,88
1914,68
1915,91
1916,125
1917,100
1918,97
1919,92
1920,99
1921,91
1922,92
1923,115
1924,138
1925,87
1926,91
1927,91
1928,123
1929,111
1930,96
1931,92
1932,123
1933,100
1934,99
1935,67
1936,111
1937,99
1938,101
1939,101
1940,114
1941,66
1942,82
1943,129
1944,81
1945,88
1946,118
1947,100
1948,100
1949,123
1950,91
1951,91
1952,111
1953,102
1954,115
1955,90
1956,102
1957,98
1958,94
1959,80
1960,93
1961,91
1962,118
1963,108
1964,106
1965,97
1966,86
1967,103
1968,121
1969,87
1970,106
1971,93
1972,99
1973,97
1974,106
1975,97
1976,92
1977,76
1978,103
1979,109
1980,100
1981,98
1982,122
1983,124
1984,116
1985,105
1986,101
1987,84
1988,71
1989,120
1990,101
1991,150
1992,91
1993,106
1994,115
1995,90
1996,95
1997,97
1998,93
1999,105
2000,100
2001,69
2002,101
2003,105
2004,99
2005,124
2006,105
2007,100
2008,113
2009,133
2010,97
2011,115
2012,127
2013,96
2014,82
2015,106
2016,120
2017,95
2018,116
2019,87
2020,96
2021,98
2022,97
2023,87
2024,94
2025,70
2026,110
2027,100
2028,117
2029,98
2030,73
2031,104
2032,90
2033,116
2034,96
2035,130
2036,86
2037,103
2038,108
2039,95
2040,80
2041,96
2042,72
2043,89
2044,97
2045,115
2046,104
2047,93
2048,93
2049,91
2050,113
2051,77
2052,87
2053,77
2054,108
2055,122
2056,108
2057,109
2058,92
2059,107
2060,88
2061,91
2062,99
2063,100
2064,126
2065,112
2066,101
2067,125
2068,136
2069,100
2070,105
2071,81
2072,102
2073,89
2074,71
2075,114
2076,101
2077,86
2078,72
2079,90
2080,89
2081,98
2082,73
2083,106
2084,109
2085,80
2086,74
2087,115
2088,97
2089,109
2090,101
2091,98
2092,115
2093,112
2094,105
2095,106
2096,93
2097,108
2098,123
2099,115
2100,71
2101,106
2102,108
2103,116
2104,118
2105,107
2106,81
2107,98
2108,88
2109,82
2110,120
2111,93
2112,129
2113,94
2114,89
2115,109
2116,98
2117,104
2118,91
2119,91
2120,92
2121,84
2122,114
2123,103
2124,102
2125,109
2126,105
2127,133
2128,106
2129,69
2130,92
2131,86
2132,107
2133,93
2134,107
2135,89
2136,102
2137,92
2138,94
2139,103
2140,106
2141,121
2142,116
2143,114
2144,106
2145,92
2146,109
2147,117
2148,117
2149,100
2150,94
2151,111
2152,63
2153,123
2154,118
2155,95
2156,95
2157,131
2158,84
2159,96
2160,126
2161,83
2162,102
2163,96
2164,130
2165,91
2166,79
2167,103
2168,91
2169,108
2170,106
2171,82
2172,127
2173,90
2174,92
2175,108
2176,124
2177,80
2178,93
2179,114
2180,91
2181,102
2182,93
2183,107
2184,81
2185,104
2186,107
2187,110
2188,92
2189,121
2190,68
2191,90
2192,136
2193,100
2194,116
2195,102
2196,126
2197,97
2198,103
2199,113
2200,122
2201,72
2202,107
2203,87
2204,99
2205,91
2206,66
2207,115
2208,80
2209,98
2210,98
2211,88
2212,109
2213,94
2214,89
2215,78
2216,86
2217,106
2218,70
2219,125
2220,97
2221,86
2222,108
2223,93
2224,113
2225,84
2226,85
2227,108
2228,117
2229,102
2230,103
2231,87
2232,92
2233,90
2234,119
2235,120
2236,107
2237,130
2238,109
2239,117
2240,96
2241,97
2242,97
2243,85
2244,93
2245,104
2246,91
2247,108
2248,88
2249,88
2250,100
2251,69
2252,116
2253,110
2254,112
2255,111
2256,98
2257,103
2258,105
2259,78
2260,103
2261,94
2262,127
2263,97
2264,98
2265,81
2266,94
2267,68
2268,127
2269,108
2270,94
2271,107
2272,85
2273,97
2274,83
2275,77
2276,111
2277,98
2278,74
2279,87
2280,119
2281,89
2282,109
2283,88
2284,103
2285,107
2286,90
2287,97
2288,104
2289,91
2290,96
2291,85
2292,101
2293,116
2294,82
2295,89
2296,69
2297,107
2298,76
2299,107
2300,108
2301,113
2302,105
2303,77
2304,98
2305,102
2306,107
2307,108
2308,93
2309,98
2310,98
2311,81
2312,85
2313,98
2314,87
2315,78
2316,77
2317,110
2318,105
2319,102
2320,95
2321,91
2322,69
2323,108
2324,93
2325,109
2326,85
2327,124
2328,102
2329,98
2330,84
2331,102
2332,109
2333,66
2334,97
2335,98
2336,106
2337,74
2338,112
2339,111
2340,111
2341,90
2342,116
2343,87
2344,68
2345,104
2346,99
2347,118
2348,84
2349,94
2350,93
2351,112
2352,83
2353,119
2354,88
2355,93
2356,100
2357,84
2358,105
2359,103
2360,90
2361,104
2362,104
2363,108
2364,116
2365,106
2366,107
2367,83
2368,76
2369,91
2370,104
2371,106
2372,62
2373,101
2374,116
2375,133
2376,121
2377,92
2378,91
2379,107
2380,112
2381,116
2382,108
2383,81
2384,79
2385,121
2386,97
2387,85
2388,83
2389,91
2390,123
2391,96
2392,110
2393,105
2394,99
2395,70
2396,112
2397,88
2398,75
2399,72
2400,108
2401,112
2402,65
2403,92
2404,105
2405,102
2406,92
2407,98
2408,114
2409,106
2410,109
2411,93
2412,80
2413,103
2414,112
2415,89
2416,103
2417,99
2418,75
2419,97
2420,102
2421,93
2422,116
2423,81
2424,132
2425,99
2426,97
2427,113
2428,77
2429,134
2430,89
2431,113
2432,100
2433,84
2434,115
2435,107
2436,145
2437,105
2438,90
2439,72
2440,88
2441,103
2442,94
2443,111
2444,105
2445,81
2446,93
2447,87
2448,105
2449,106
2450,90
2451,75
2452,142
2453,104
2454,104
2455,71
2456,110
2457,115
2458,105
2459,102
2460,102
2461,86
2462,89
2463,96
2464,116
2465,104
2466,88
2467,90
2468,67
2469,106
2470,96
2471,102
2472,145
2473,93
2474,103
2475,90
2476,97
2477,85
2478,83
2479,72
2480,83
2481,103
2482,95
2483,96
2484,93
2485,102
2486,101
2487,100
2488,95
2489,110
2490,69
2491,88
2492,88
2493,109
2494,91
2495,85
2496,102
2497,112
2498,111
2499,113
2500,101
2501,104
2502,96
2503,95
2504,85
2505,110
2506,73
2507,80
2508,128
2509,98
2510,102
2511,81
2512,107
2513,120
2514,121
2515,77
2516,117
2517,100
2518,62
2519,76
2520,71
2521,109
2522,97
2523,90
2524,98
2525,126
2526,95
2527,104
2528,109
2529,81
2530,108
2531,113
2532,115
2533,97
2534,114
2535,107
2536,101
2537,113
2538,126
2539,113
2540,98
2541,92
2542,107
2543,102
2544,116
2545,85
2546,115
2547,79
2548,97
2549,108
2550,98
2551,106
2552,120
2553,91
2554,78
2555,82
2556,98
2557,118
2558,95
2559,132
2560,80
2561,73
2562,103
2563,91
2564,88
2565,100
2566,81
2567,108
2568,102
2569,94
2570,103
2571,128
2572,96
2573,92
2574,110
2575,90
2576,107
2577,112
2578,120
2579,95
2580,80
2581,96
2582,102
2583,90
2584,101
2585,126
2586,91
2587,87
2588,114
2589,81
2590,100
2591,92
2592,75
2593,97
2594,90
2595,107
2596,102
2597,102
2598,85
2599,91
2600,103
2601,86
2602,99
2603,105
2604,111
2605,91
2606,94
2607,102
2608,89
2609,79
2610,105
2611,96
2612,108
2613,91
2614,101
2615,72
2616,109
2617,91
2618,97
2619,97
2620,94
2621,100
2622,100
2623,103
2624,81
2625,111
2626,98
2627,105
2628,98
2629,84
2630,137
2631,101
2632,76
2633,98
2634,94
2635,97
2636,75
2637,100
2638,86
2639,122
2640,98
2641,110
2642,113
2643,106
2644,102
2645,116
2646,90
2647,111
2648,93
2649,101
2650,81
2651,80
2652,98
2653,116
2654,96
2655,125
2656,105
2657,97
2658,122
2659,119
2660,79
2661,99
2662,107
2663,110
2664,109
2665,97
2666,95
2667,98
2668,88
2669,79
2670,107
2671,108
2672,126
2673,91
2674,105
2675,96
2676,97
2677,90
2678,100
2679,120
2680,93
2681,106
2682,91
2683,78
2684,97
2685,128
2686,87
2687,85
2688,86
2689,127
2690,116
2691,109
2692,120
2693,113
2694,98
2695,93
2696,115
2697,101
2698,86
2699,107
2700,95
2701,116
2702,85
2703,108
2704,102
2705,102
2706,104
2707,97
2708,107
2709,104
2710,101
2711,118
2712,79
2713,108
2714,103
2715,107
2716,109
2717,109
2718,94
2719,90
2720,107
2721,122
2722,96
2723,84
2724,111
2725,87
2726,104
2727,84
2728,95
2729,99
2730,95
2731,103
2732,104
2733,92
2734,91
2735,118
2736,96
2737,104
2738,79
2739,126
2740,106
2741,69
2742,84
2743,89
2744,125
2745,137
2746,107
2747,116
2748,118
2749,83
2750,98
2751,98
2752,120
2753,131
2754,133
2755,107
2756,105
2757,93
2758,100
2759,115
2760,114
2761,108
2762,87
2763,129
2764,107
2765,103
2766,113
2767,90
2768,89
2769,94
2770,84
2771,101
2772,69
2773,92
2774,70
2775,96
2776,96
2777,117
2778,104
2779,88
2780,94
2781,121
2782,83
2783,132
2784,106
2785,80
2786,84
2787,112
2788,111
2789,106
2790,101
2791,98
2792,88
2793,105
2794,124
2795,99
2796,103
2797,115
2798,92
2799,106
2800,111
2801,88
2802,80
2803,96
2804,112
2805,77
2806,103
2807,97
2808,96
2809,104
2810,74
2811,117
2812,86
2813,105
2814,110
2815,121
2816,99
2817,78
2818,76
2819,119
2820,91
2821,94
2822,83
2823,94
2824,126
2825,100
2826,87
2827,115
2828,62
2829,99
2830,94
2831,95
2832,78
2833,97
2834,94
2835,85
2836,93
2837,70
2838,132
2839,48
2840,97
2841,97
2842,91
2843,96
2844,109
2845,81
2846,73
2847,92
2848,59
2849,86
2850,91
2851,101
2852,119
2853,104
2854,105
2855,89
2856,90
2857,91
2858,98
2859,93
2860,104
2861,109
2862,119
2863,104
2864,104
2865,117
2866,110
2867,94
2868,84
2869,92
2870,87
2871,101
2872,107
2873,93
2874,94
2875,60
2876,91
2877,147
2878,116
2879,119
2880,107
2881,113
2882,94
2883,87
2884,122
2885,83
2886,107
2887,126
2888,114
2889,96
2890,119
2891,103
2892,97
2893,111
2894,86
2895,78
2896,96
2897,90
2898,78
2899,100
2900,91
2901,85
2902,99
2903,85
2904,117
2905,126
2906,110
2907,93
2908,106
2909,89
2910,109
2911,110
2912,111
2913,94
2914,110
2915,107
2916,103
2917,101
2918,83
2919,106
2920,95
2921,80
2922,89
2923,106
2924,92
2925,91
2926,68
2927,116
2928,83
2929,100
2930,92
2931,103
2932,103
2933,96
2934,104
2935,100
2936,79
2937,118
2938,122
2939,86
2940,76
2941,118
2942,83
2943,119
2944,117
2945,97
2946,97
2947,85
2948,100
2949,107
2950,105
2951,109
2952,115
2953,99
2954,142
2955,106
2956,105
2957,105
2958,106
2959,105
2960,115
2961,62
2962,96
2963,75
2964,120
2965,78
2966,88
2967,90
2968,81
2969,95
2970,68
2971,122
2972,106
2973,88
2974,108
2975,104
2976,85
2977,110
2978,96
2979,117
2980,92
2981,79
2982,114
2983,96
2984,99
2985,103
2986,85
2987,95
2988,91
2989,94
2990,118
2991,88
2992,87
2993,120
2994,85
2995,100
2996,110
2997,110
2998,78
2999,89
3000,73
3001,112
3002,115
3003,115
3004,99
3005,96
3006,91
3007,77
3008,107
3009,85
3010,69
3011,119
3012,90
3013,103
3014,97
3015,116
3016,77
3017,111
3018,99
3019,106
3020,93
3021,94
3022,113
3023,88
3024,92
3025,96
3026,78
3027,95
3028,96
3029,110
3030,92
3031,71
3032,100
3033,92
3034,82
3035,104
3036,105
3037,109
3038,105
3039,111
3040,105
3041,130
3042,122
3043,103
3044,74
3045,128
3046,95
3047,109
3048,107
3049,98
3050,92
3051,94
3052,59
3053,82
3054,92
3055,100
3056,108
3057,91
3058,110
3059,96
3060,94
3061,100
3062,111
3063,96
3064,105
3065,111
3066,108
3067,89
3068,92
3069,108
3070,97
3071,88
3072,100
3073,111
3074,113
3075,115
3076,100
3077,105
3078,116
3079,90
3080,114
3081,110
3082,110
3083,74
3084,91
3085,90
3086,121
3087,86
3088,84
3089,81
3090,94
3091,106
3092,127
3093,94
3094,88
3095,123
3096,125
3097,73
3098,92
3099,103
3100,102
3101,133
3102,91
3103,82
3104,88
3105,116
3106,99
3107,124
3108,109
3109,89
3110,112
3111,118
3112,121
3113,78
3114,104
3115,83
3116,95
3117,96
3118,104
3119,107
3120,90
3121,118
3122,120
3123,102
3124,125
3125,98
3126,72
3127,86
3128,93
3129,113
3130,85
3131,99
3132,137
3133,103
3134,124
3135,82
3136,69
3137,75
3138,116
3139,96
3140,95
3141,125
3142,116
3143,106
3144,117
3145,97
3146,105
3147,81
3148,88
3149,95
3150,99
3151,114
3152,118
3153,142
3154,134
3155,117
3156,77
3157,121
3158,128
3159,102
3160,74
3161,103
3162,113
3163,103
3164,93
3165,98
3166,119
3167,107
3168,122
3169,116
3170,97
3171,112
3172,122
3173,102
3174,110
3175,77
3176,93
3177,97
3178,84
3179,101
3180,125
3181,104
3182,120
3183,110
3184,125
3185,99
3186,89
3187,111
3188,76
3189,108
3190,66
3191,86
3192,105
3193,80
3194,93
3195,80
3196,110
3197,117
3198,100
3199,132
3200,96
3201,79
3202,78
3203,97
3204,104
3205,137
3206,83
3207,90
3208,107
3209,101
3210,90
3211,99
3212,82
3213,93
3214,83
3215,115
3216,111
3217,99
3218,100
3219,103
3220,93
3221,74
3222,94
3223,107
3224,114
3225,101
3226,90
3227,108
3228,102
3229,84
3230,73
3231,91
3232,122
3233,108
3234,122
3235,99
3236,99
3237,59
3238,71
3239,106
3240,102
3241,65
3242,101
3243,115
3244,104
3245,92
3246,62
3247,106
3248,86
3249,107
3250,110
3251,113
3252,105
3253,94
3254,108
3255,84
3256,119
3257,89
3258,127
3259,96
3260,107
3261,101
3262,72
3263,108
3264,88
3265,98
3266,100
3267,84
3268,90
3269,118
3270,80
3271,108
3272,94
3273,114
3274,110
3275,89
3276,110
3277,91
3278,125
3279,101
3280,94
3281,93
3282,94
3283,95
3284,110
3285,92
3286,87
3287,116
3288,120
3289,88
3290,95
3291,118
3292,106
3293,123
3294,110
3295,107
3296,94
3297,85
3298,81
3299,99
3300,121
3301,84
3302,98
3303,75
3304,120
3305,87
3306,134
3307,106
3308,123
3309,73
3310,62
3311,94
3312,100
3313,109
3314,123
3315,95
3316,93
3317,96
3318,105
3319,81
3320,73
3321,104
3322,79
3323,117
3324,66
3325,88
3326,79
3327,89
3328,86
3329,116
3330,142
3331,81
3332,89
3333,97
3334,84
3335,108
3336,79
3337,109
3338,101
3339,111
3340,99
3341,110
3342,107
3343,97
3344,108
3345,121
3346,73
3347,69
3348,119
3349,113
3350,121
3351,98
3352,126
3353,143
3354,117
3355,108
3356,111
3357,102
3358,104
3359,106
3360,134
3361,88
3362,96
3363,100
3364,109
3365,103
3366,80
3367,101
3368,98
3369,99
3370,112
3371,117
3372,87
3373,128
3374,77
3375,89
3376,96
3377,110
3378,74
3379,133
3380,73
3381,123
3382,93
3383,101
3384,66
3385,111
3386,97
3387,117
3388,79
3389,121
3390,74
3391,103
3392,78
3393,129
3394,114
3395,123
3396,96
3397,95
3398,99
3399,97
3400,94
3401,96
3402,117
3403,114
3404,82
3405,110
3406,79
3407,122
3408,85
3409,111
3410,109
3411,95
3412,94
3413,96
3414,107
3415,112
3416,133
3417,126
3418,108
3419,103
3420,91
3421,109
3422,120
3423,117
3424,104
3425,91
3426,102
3427,110
3428,117
3429,103
3430,114
3431,115
3432,95
3433,91
3434,125
3435,110
3436,108
3437,91
3438,69
3439,107
3440,107
3441,110
3442,100
3443,91
3444,104
3445,118
3446,108
3447,79
3448,97
3449,90
3450,123
3451,96
3452,122
3453,103
3454,93
3455,85
3456,94
3457,100
3458,83
3459,109
3460,87
3461,78
3462,80
3463,92
3464,108
3465,124
3466,96
3467,104
3468,98
3469,68
3470,105
3471,99
3472,76
3473,125
3474,109
3475,75
3476,107
3477,145
3478,100
3479,110
3480,91
3481,93
3482,123
3483,109
3484,116
3485,96
3486,106
3487,98
3488,109
3489,98
3490,126
3491,96
3492,106
3493,72
3494,117
3495,82
3496,90
3497,81
3498,78
3499,114
3500,88
3501,78
3502,77
3503,116
3504,94
3505,99
3506,113
3507,108
3508,102
3509,119
3510,80
3511,95
3512,113
3513,127
3514,129
3515,82
3516,101
3517,107
3518,97
3519,110
3520,133
3521,86
3522,81
3523,109
3524,93
3525,110
3526,102
3527,97
3528,89
3529,101
3530,94
3531,116
3532,101
3533,80
3534,120
3535,97
3536,131
3537,95
3538,88
3539,95
3540,98
3541,96
3542,90
3543,93
3544,124
3545,96
3546,132
3547,115
3548,99
3549,109
3550,92
3551,115
3552,119
3553,108
3554,92
3555,108
3556,89
3557,79
3558,103
3559,75
3560,93
3561,105
3562,123
3563,90
3564,84
3565,111
3566,103
3567,101
3568,77
3569,116
3570,68
3571,102
3572,118
3573,101
3574,96
3575,84
3576,91
3577,132
3578,91
3579,106
3580,87
3581,95
3582,75
3583,99
3584,94
3585,120
3586,87
3587,93
3588,113
3589,99
3590,97
3591,97
3592,85
3593,93
3594,101
3595,82
3596,84
3597,118
3598,107
3599,104
3600,91
3601,103
3602,63
3603,81
3604,109
3605,89
3606,96
3607,105
3608,88
3609,90
3610,94
3611,102
3612,75
3613,104
3614,99
3615,101
3616,88
3617,99
3618,114
3619,110
3620,118
3621,86
3622,110
3623,90
3624,65
3625,113
3626,111
3627,122
3628,78
3629,102
3630,96
3631,117
3632,79
3633,96
3634,101
3635,111
3636,106
3637,99
3638,95
3639,98
3640,111
3641,87
3642,96
3643,96
3644,68
3645,70
3646,77
3647,96
3648,107
3649,90
3650,75
3651,114
3652,104
3653,96
3654,103
3655,84
3656,115
3657,104
3658,97
3659,94
3660,101
3661,107
3662,73
3663,88
3664,95
3665,94
3666,89
3667,111
3668,89
3669,83
3670,92
3671,122
3672,100
3673,92
3674,95
3675,73
3676,97
3677,103
3678,106
3679,97
3680,88
3681,113
3682,94
3683,85
3684,88
3685,94
3686,95
3687,91
3688,104
3689,98
3690,113
3691,101
3692,94
3693,92
3694,94
3695,83
3696,96
3697,107
3698,111
3699,102
3700,150
3701,104
3702,73
3703,106
3704,116
3705,96
3706,78
3707,72
3708,98
3709,84
3710,96
3711,94
3712,122
3713,112
3714,91
3715,93
3716,113
3717,101
3718,104
3719,117
3720,88
3721,114
3722,94
3723,66
3724,82
3725,86
3726,120
3727,98
3728,95
3729,122
3730,88
3731,94
3732,100
3733,99
3734,105
3735,108
3736,87
3737,71
3738,105
3739,72
3740,104
3741,110
3742,116
3743,98
3744,130
3745,79
3746,121
3747,88
3748,100
3749,102
3750,120
3751,83
3752,132
3753,67
3754,98
3755,108
3756,115
3757,78
3758,70
3759,119
3760,103
3761,71
3762,92
3763,88
3764,117
3765,94
3766,97
3767,96
3768,125
3769,113
3770,110
3771,103
3772,102
3773,86
3774,113
3775,94
3776,80
3777,97
3778,100
3779,120
3780,112
3781,85
3782,115
3783,61
3784,106
3785,89
3786,78
3787,82
3788,121
3789,106
3790,105
3791,114
3792,96
3793,120
3794,96
3795,52
3796,124
3797,55
3798,96
3799,111
3800,64
3801,97
3802,97
3803,113
3804,107
3805,79
3806,90
3807,83
3808,72
3809,90
3810,122
3811,106
3812,106
3813,81
3814,70
3815,108
3816,115
3817,102
3818,111
3819,94
3820,100
3821,89
3822,105
3823,97
3824,109
3825,111
3826,94
3827,107
3828,89
3829,126
3830,121
3831,104
3832,88
3833,103
3834,81
3835,106
3836,68
3837,83
3838,105
3839,120
3840,105
3841,95
3842,85
3843,92
3844,73
3845,94
3846,133
3847,101
3848,106
3849,72
3850,121
3851,122
3852,103
3853,109
3854,89
3855,95
3856,140
3857,92
3858,127
3859,130
3860,106
3861,98
3862,80
3863,108
3864,100
3865,98
3866,92
3867,104
3868,107
3869,99
3870,117
3871,99
3872,97
3873,83
3874,96
3875,99
3876,63
3877,107
3878,113
3879,132
3880,86
3881,98
3882,106
3883,99
3884,88
3885,77
3886,101
3887,118
3888,100
3889,99
3890,105
3891,111
3892,104
3893,81
3894,106
3895,90
3896,89
3897,83
3898,98
3899,91
3900,95
3901,85
3902,113
3903,94
3904,89
3905,74
3906,125
3907,76
3908,104
3909,109
3910,94
3911,106
3912,107
3913,112
3914,109
3915,95
3916,93
3917,130
3918,116
3919,89
3920,104
3921,105
3922,99
3923,126
3924,98
3925,98
3926,112
3927,85
3928,92
3929,122
3930,99
3931,87
3932,102
3933,102
3934,120
3935,116
3936,103
3937,124
3938,119
3939,105
3940,87
3941,126
3942,119
3943,81
3944,91
3945,79
3946,83
3947,119
3948,101
3949,90
3950,111
3951,112
3952,120
3953,109
3954,109
3955,87
3956,101
3957,99
3958,64
3959,105
3960,74
3961,110
3962,94
3963,94
3964,92
3965,90
3966,96
3967,113
3968,83
3969,100
3970,131
3971,89
3972,99
3973,112
3974,132
3975,123
3976,97
3977,105
3978,96
3979,116
3980,98
3981,125
3982,71
3983,109
3984,111
3985,62
3986,75
3987,119
3988,107
3989,111
3990,125
3991,94
3992,125
3993,143
3994,118
3995,106
3996,99
3997,103
3998,102
3999,100
4000,83
4001,106
4002,103
4003,120
4004,108
4005,89
4006,83
4007,99
4008,86
4009,102
4010,89
4011,119
4012,108
4013,114
4014,97
4015,102
4016,113
4017,105
4018,110
4019,89
4020,112
4021,91
4022,131
4023,102
4024,116
4025,93
4026,96
4027,96
4028,73
4029,60
4030,95
4031,71
4032,104
4033,97
4034,57
4035,92
4036,99
4037,121
4038,93
4039,75
4040,73
4041,92
4042,85
4043,96
4044,102
4045,108
4046,108
4047,90
4048,109
4049,77
4050,102
4051,103
4052,101
4053,84
4054,86
4055,109
4056,93
4057,108
4058,90
4059,142
4060,95
4061,117
4062,135
4063,116
4064,94
4065,98
4066,50
4067,64
4068,99
4069,91
4070,83
4071,100
4072,91
4073,85
4074,115
4075,80
4076,110
4077,103
4078,120
4079,92
4080,79
4081,90
4082,99
4083,114
4084,112
4085,96
4086,98
4087,110
4088,115
4089,104
4090,104
4091,103
4092,104
4093,104
4094,85
4095,75
4096,86
4097,93
4098,109
4099,95
4100,103
4101,101
4102,107
4103,93
4104,89
4105,75
4106,104
4107,55
4108,102
4109,113
4110,97
4111,105
4112,93
4113,99
4114,97
4115,110
4116,95
4117,82
4118,104
4119,98
4120,89
4121,109
4122,129
4123,107
4124,111
4125,102
4126,121
4127,109
4128,91
4129,108
4130,106
4131,94
4132,118
4133,81
4134,105
4135,93
4136,75
4137,101
4138,93
4139,91
4140,84
4141,130
4142,63
4143,67
4144,107
4145,106
4146,79
4147,91
4148,109
4149,95
4150,111
4151,99
4152,92
4153,78
4154,99
4155,90
4156,114
4157,114
4158,96
4159,99
4160,94
4161,92
4162,83
4163,101
4164,95
4165,122
4166,94
4167,136
4168,127
4169,89
4170,98
4171,76
4172,93
4173,105
4174,103
4175,87
4176,98
4177,107
4178,98
4179,120
4180,98
4181,76
4182,75
4183,94
4184,82
4185,75
4186,93
4187,111
4188,93
4189,104
4190,121
4191,105
4192,86
4193,99
4194,93
4195,107
4196,102
4197,95
4198,101
4199,95
4200,76
4201,70
4202,113
4203,115
4204,102
4205,114
4206,125
4207,93
4208,89
4209,111
4210,120
4211,89
4212,122
4213,94
4214,103
4215,94
4216,103
4217,84
4218,115
4219,75
4220,85
4221,119
4222,133
4223,92
4224,123
4225,119
4226,106
4227,92
4228,121
4229,97
4230,106
4231,67
4232,93
4233,90
4234,101
4235,95
4236,92
4237,99
4238,88
4239,75
4240,93
4241,96
4242,111
4243,96
4244,105
4245,89
4246,99
4247,74
4248,90
4249,59
4250,82
4251,80
4252,109
4253,105
4254,116
4255,80
4256,112
4257,91
4258,126
4259,97
4260,124
4261,143
4262,106
4263,126
4264,95
4265,119
4266,99
4267,108
4268,107
4269,97
4270,77
4271,79
4272,117
4273,102
4274,114
4275,92
4276,94
4277,94
4278,74
4279,94
4280,95
4281,99
4282,96
4283,120
4284,91
4285,112
4286,104
4287,100
4288,111
4289,94
4290,92
4291,94
4292,103
4293,72
4294,97
4295,110
4296,99
4297,101
4298,106
4299,101
4300,75
4301,121
4302,139
4303,122
4304,96
4305,86
4306,122
4307,102
4308,113
4309,85
4310,107
4311,105
4312,120
4313,112
4314,102
4315,128
4316,95
4317,123
4318,108
4319,111
4320,144
4321,67
4322,79
4323,117
4324,113
4325,101
4326,116
4327,83
4328,129
4329,120
4330,125
4331,76
4332,116
4333,100
4334,135
4335,103
4336,86
4337,108
4338,74
4339,115
4340,93
4341,97
4342,103
4343,95
4344,124
4345,95
4346,107
4347,108
4348,100
4349,88
4350,65
4351,116
4352,84
4353,130
4354,90
4355,119
4356,101
4357,123
4358,105
4359,107
4360,82
4361,111
4362,113
4363,102
4364,116
4365,106
4366,118
4367,101
4368,116
4369,103
4370,130
4371,94
4372,98
4373,90
4374,94
4375,92
4376,130
4377,131
4378,98
4379,121
4380,97
4381,106
4382,123
4383,96
4384,85
4385,107
4386,87
4387,100
4388,104
4389,110
4390,110
4391,104
4392,112
4393,123
4394,112
4395,115
4396,86
4397,103
4398,106
4399,134
4400,67
4401,113
4402,108
4403,111
4404,79
4405,103
4406,128
4407,82
4408,110
4409,91
4410,125
4411,112
4412,107
4413,88
4414,97
4415,94
4416,86
4417,97
4418,70
4419,110
4420,93
4421,89
4422,78
4423,106
4424,128
4425,95
4426,120
4427,108
4428,97
4429,129
4430,74
4431,102
4432,94
4433,104
4434,82
4435,112
4436,75
4437,109
4438,92
4439,106
4440,89
4441,87
4442,123
4443,125
4444,82
4445,102
4446,111
4447,99
4448,99
4449,110
4450,108
4451,93
4452,107
4453,96
4454,94
4455,88
4456,88
4457,103
4458,77
4459,76
4460,97
4461,100
4462,84
4463,126
4464,88
4465,90
4466,88
4467,114
4468,125
4469,85
4470,112
4471,103
4472,88
4473,103
4474,80
4475,96
4476,84
4477,94
4478,101
4479,122
4480,100
4481,85
4482,100
4483,68
4484,112
4485,87
4486,128
4487,113
4488,101
4489,95
4490,93
4491,94
4492,99
4493,93
4494,108
4495,122
4496,101
4497,116
4498,80
4499,105
4500,101
4501,79
4502,96
4503,112
4504,59
4505,97
4506,93
4507,104
4508,113
4509,110
4510,114
4511,117
4512,94
4513,63
4514,110
4515,84
4516,104
4517,78
4518,88
4519,108
4520,93
4521,74
4522,79
4523,116
4524,94
4525,95
4526,90
4527,77
4528,95
4529,118
4530,88
4531,71
4532,111
4533,101
4534,102
4535,105
4536,73
4537,98
4538,103
4539,99
4540,99
4541,117
4542,106
4543,109
4544,97
4545,61
4546,95
4547,99
4548,97
4549,98
4550,103
4551,114
4552,87
4553,96
4554,123
4555,75
4556,95
4557,67
4558,96
4559,101
4560,72
4561,103
4562,89
4563,116
4564,107
4565,91
4566,96
4567,123
4568,98
4569,79
4570,82
4571,97
4572,116
4573,92
4574,83
4575,100
4576,104
4577,107
4578,74
4579,104
4580,103
4581,93
4582,117
4583,106
4584,87
4585,107
4586,71
4587,92
4588,93
4589,109
4590,145
4591,95
4592,121
4593,120
4594,80
4595,120
4596,89
4597,100
4598,134
4599,107
4600,90
4601,106
4602,77
4603,115
4604,90
4605,63
4606,94
4607,92
4608,107
4609,82
4610,105
4611,89
4612,98
4613,115
4614,116
4615,119
4616,88
4617,104
4618,105
4619,118
4620,95
4621,77
4622,112
4623,120
4624,104
4625,83
4626,132
4627,101
4628,90
4629,116
4630,124
4631,75
4632,108
4633,119
4634,98
4635,102
4636,98
4637,123
4638,83
4639,96
4640,132
4641,90
4642,76
4643,99
4644,116
4645,99
4646,92
4647,107
4648,137
4649,96
4650,131
4651,106
4652,87
4653,124
4654,94
4655,76
4656,104
4657,93
4658,127
4659,106
4660,91
4661,113
4662,100
4663,104
4664,64
4665,82
4666,103
4667,80
4668,91
4669,113
4670,107
4671,117
4672,100
4673,89
4674,121
4675,100
4676,83
4677,124
4678,101
4679,114
4680,104
4681,114
4682,109
4683,95
4684,94
4685,110
4686,101
4687,99
4688,93
4689,95
4690,77
4691,107
4692,90
4693,101
4694,99
4695,102
4696,100
4697,106
4698,86
4699,98
4700,100
4701,87
4702,85
4703,91
4704,102
4705,83
4706,114
4707,90
4708,99
4709,110
4710,77
4711,120
4712,86
4713,119
4714,107
4715,72
4716,97
4717,88
4718,124
4719,103
4720,70
4721,118
4722,108
4723,106
4724,100
4725,78
4726,123
4727,96
4728,121
4729,100
4730,97
4731,74
4732,89
4733,119
4734,110
4735,107
4736,108
4737,100
4738,92
4739,88
4740,93
4741,102
4742,88
4743,100
4744,101
4745,97
4746,75
4747,84
4748,97
4749,67
4750,115
4751,119
4752,112
4753,104
4754,81
4755,104
4756,121
4757,83
4758,138
4759,112
4760,84
4761,84
4762,92
4763,99
4764,94
4765,57
4766,80
4767,99
4768,102
4769,113
4770,90
4771,102
4772,100
4773,87
4774,109
4775,107
4776,134
4777,116
4778,76
4779,113
4780,78
4781,122
4782,95
4783,104
4784,119
4785,107
4786,112
4787,90
4788,86
4789,100
4790,109
4791,98
4792,124
4793,108
4794,95
4795,97
4796,91
4797,107
4798,94
4799,102
4800,122
4801,106
4802,99
4803,96
4804,119
4805,105
4806,111
4807,91
4808,80
4809,119
4810,115
4811,84
4812,112
4813,120
4814,94
4815,99
4816,128
4817,118
4818,89
4819,90
4820,96
4821,103
4822,107
4823,81
4824,90
4825,71
4826,111
4827,100
4828,96
4829,93
4830,97
4831,106
4832,82
4833,88
4834,84
4835,61
4836,126
4837,110
4838,87
4839,103
4840,82
4841,107
4842,136
4843,114
4844,70
4845,76
4846,77
4847,93
4848,99
4849,121
4850,79
4851,100
4852,60
4853,84
4854,79
4855,67
4856,111
4857,90
4858,102
4859,79
4860,117
4861,85
4862,116
4863,116
4864,103
4865,105
4866,84
4867,75
4868,102
4869,103
4870,94
4871,87
4872,87
4873,77
4874,114
4875,89
4876,85
4877,109
4878,92
4879,91
4880,116
4881,82
4882,83
4883,71
4884,99
4885,91
4886,127
4887,91
4888,109
4889,86
4890,112
4891,121
4892,92
4893,97
4894,96
4895,104
4896,114
4897,90
4898,115
4899,103
4900,123
4901,105
4902,78
4903,110
4904,100
4905,95
4906,107
4907,88
4908,97
4909,92
4910,110
4911,95
4912,102
4913,102
4914,107
4915,92
4916,118
4917,115
4918,128
4919,86
4920,102
4921,76
4922,83
4923,111
4924,98
4925,85
4926,111
4927,105
4928,64
4929,116
4930,100
4931,91
4932,79
4933,106
4934,92
4935,97
4936,100
4937,107
4938,104
4939,122
4940,73
4941,91
4942,116
4943,130
4944,117
4945,107
4946,113
4947,112
4948,91
4949,109
4950,85
4951,102
4952,92
4953,107
4954,92
4955,101
4956,84
4957,94
4958,117
4959,72
4960,100
4961,121
4962,113
4963,101
4964,111
4965,88
4966,111
4967,118
4968,103
4969,115
4970,84
4971,82
4972,111
4973,137
4974,101
4975,113
4976,55
4977,109
4978,92
4979,130
4980,111
4981,101
4982,91
4983,119
4984,119
4985,87
4986,117
4987,115
4988,104
4989,112
4990,108
4991,84
4992,105
4993,98
4994,83
4995,88
4996,75
4997,73
4998,91
4999,116
5000,80
5001,81
5002,128
5003,85
5004,100
5005,107
5006,97
5007,99
5008,87
5009,90
5010,104
5011,81
5012,121
5013,73
5014,103
5015,84
5016,107
5017,85
5018,108
5019,112
5020,113
5021,92
5022,122
5023,100
5024,99
5025,108
5026,75
5027,96
5028,105
5029,91
5030,99
5031,125
5032,87
5033,112
5034,90
5035,101
5036,108
5037,112
5038,105
5039,111
5040,97
5041,93
5042,115
5043,72
5044,93
5045,96
5046,102
5047,113
5048,103
5049,96
5050,112
5051,104
5052,101
5053,124
5054,114
5055,139
5056,70
5057,119
5058,122
5059,89
5060,98
5061,101
5062,93
5063,94
5064,149
5065,100
5066,108
5067,105
5068,101
5069,83
5070,114
5071,99
5072,76
5073,102
5074,104
5075,117
5076,79
5077,98
5078,89
5079,87
5080,103
5081,93
5082,107
5083,86
5084,97
5085,104
5086,106
5087,102
5088,99
5089,91
5090,123
5091,103
5092,82
5093,70
5094,117
5095,80
5096,102
5097,82
5098,102
5099,104
5100,112
5101,98
5102,98
5103,83
5104,96
5105,100
5106,100
5107,97
5108,83
5109,80
5110,122
5111,108
5112,135
5113,106
5114,109
5115,86
5116,122
5117,72
5118,109
5119,101
5120,121
5121,98
5122,100
5123,71
5124,71
5125,105
5126,117
5127,104
5128,97
5129,104
5130,102
5131,109
5132,85
5133,103
5134,84
5135,116
5136,83
5137,96
5138,108
5139,80
5140,87
5141,133
5142,114
5143,105
5144,109
5145,74
5146,109
5147,129
5148,92
5149,127
5150,93
5151,101
5152,79
5153,106
5154,102
5155,96
5156,87
5157,103
5158,90
5159,116
5160,103
5161,92
5162,115
5163,93
5164,114
5165,101
5166,71
5167,108
5168,99
5169,108
5170,103
5171,103
5172,100
5173,143
5174,107
5175,73
5176,77
5177,106
5178,91
5179,116
5180,104
5181,105
5182,86
5183,108
5184,102
5185,85
5186,86
5187,124
5188,108
5189,94
5190,91
5191,100
5192,104
5193,79
5194,98
5195,69
5196,99
5197,121
5198,80
5199,97
5200,96
5201,83
5202,93
5203,80
5204,85
5205,102
5206,105
5207,95
5208,120
5209,110
5210,129
5211,98
5212,84
5213,97
5214,130
5215,84
5216,112
5217,84
5218,94
5219,92
5220,86
5221,111
5222,121
5223,113
5224,100
5225,77
5226,101
5227,109
5228,98
5229,119
5230,97
5231,91
5232,114
5233,113
5234,122
5235,107
5236,87
5237,61
5238,74
5239,91
5240,119
5241,118
5242,93
5243,112
5244,79
5245,118
5246,95
5247,109
5248,108
5249,106
5250,81
5251,91
5252,115
5253,107
5254,83
5255,105
5256,84
5257,81
5258,90
5259,98
5260,81
5261,113
5262,89
5263,99
5264,106
5265,127
5266,108
5267,95
5268,85
5269,81
5270,85
5271,97
5272,118
5273,98
5274,91
5275,101
5276,124
5277,88
5278,106
5279,94
5280,103
5281,109
5282,120
5283,99
5284,117
5285,106
5286,80
5287,97
5288,134
5289,98
5290,95
5291,95
5292,93
5293,79
5294,65
5295,88
5296,94
5297,108
5298,94
5299,101
5300,82
5301,74
5302,105
5303,109
5304,114
5305,118
5306,119
5307,110
5308,91
5309,104
5310,95
5311,96
5312,105
5313,118
5314,111
5315,99
5316,101
5317,105
5318,117
5319,127
5320,101
5321,96
5322,102
5323,115
5324,107
5325,92
5326,100
5327,100
5328,90
5329,90
5330,81
5331,97
5332,116
5333,115
5334,99
5335,126
5336,99
5337,94
5338,70
5339,102
5340,86
5341,121
5342,81
5343,119
5344,103
5345,82
5346,75
5347,105
5348,86
5349,70
5350,129
5351,113
5352,82
5353,72
5354,117
5355,79
5356,101
5357,106
5358,92
5359,85
5360,71
5361,106
5362,135
5363,82
5364,85
5365,111
5366,63
5367,88
5368,103
5369,87
5370,107
5371,106
5372,101
5373,88
5374,93
5375,101
5376,103
5377,121
5378,110
5379,94
5380,108
5381,109
5382,90
5383,108
5384,96
5385,104
5386,115
5387,115
5388,86
5389,83
5390,126
5391,126
5392,110
5393,95
5394,95
5395,85
5396,103
5397,98
5398,98
5399,82
5400,114
5401,106
5402,106
5403,73
5404,77
5405,83
5406,111
5407,92
5408,84
5409,109
5410,95
5411,105
5412,84
5413,99
5414,120
5415,118
5416,88
5417,95
5418,112
5419,101
5420,105
5421,120
5422,103
5423,91
5424,118
5425,87
5426,99
5427,91
5428,82
5429,98
5430,100
5431,96
5432,115
5433,88
5434,105
5435,81
5436,135
5437,90
5438,75
5439,96
5440,103
5441,113
5442,116
5443,109
5444,112
5445,116
5446,103
5447,88
5448,101
5449,89
5450,115
5451,118
5452,118
5453,82
5454,115
5455,91
5456,105
5457,112
5458,78
5459,112
5460,76
5461,97
5462,114
5463,119
5464,112
5465,91
5466,90
5467,97
5468,100
5469,113
5470,99
5471,93
5472,94
5473,117
5474,100
5475,122
5476,114
5477,92
5478,93
5479,98
5480,97
5481,117
5482,91
5483,101
5484,105
5485,110
5486,107
5487,105
5488,92
5489,94
5490,103
5491,97
5492,86
5493,93
5494,102
5495,117
5496,85
5497,83
5498,111
5499,93
5500,87
5501,99
5502,86
5503,133
5504,88
5505,102
5506,107
5507,114
5508,83
5509,106
5510,75
5511,104
5512,99
5513,111
5514,103
5515,98
5516,99
5517,78
5518,87
5519,122
5520,103
5521,110
5522,90
5523,113
5524,95
5525,78
5526,98
5527,119
5528,69
5529,111
5530,102
5531,138
5532,134
5533,73
5534,120
5535,94
5536,97
5537,91
5538,89
5539,119
5540,64
5541,90
5542,110
5543,69
5544,96
5545,81
5546,103
5547,100
5548,113
5549,65
5550,106
5551,88
5552,121
5553,93
5554,87
5555,91
5556,108
5557,110
5558,99
5559,85
5560,82
5561,110
5562,107
5563,106
5564,123
5565,88
5566,129
5567,105
5568,92
5569,99
5570,82
5571,84
5572,98
5573,111
5574,89
5575,132
5576,99
5577,90
5578,80
5579,92
5580,121
5581,125
5582,109
5583,100
5584,78
5585,61
5586,102
5587,94
5588,91
5589,105
5590,79
5591,121
5592,127
5593,110
5594,95
5595,90
5596,95
5597,104
5598,115
5599,106
5600,118
5601,108
5602,115
5603,99
5604,82
5605,119
5606,132
5607,104
5608,91
5609,107
5610,94
5611,100
5612,101
5613,88
5614,89
5615,98
5616,97
5617,108
5618,104
5619,109
5620,97
5621,87
5622,84
5623,114
5624,92
5625,90
5626,119
5627,94
5628,67
5629,103
5630,91
5631,89
5632,97
5633,69
5634,72
5635,93
5636,108
5637,96
5638,95
5639,99
5640,113
5641,100
5642,99
5643,91
5644,94
5645,102
5646,119
5647,103
5648,87
5649,95
5650,116
5651,101
5652,79
5653,106
5654,90
5655,82
5656,101
5657,87
5658,112
5659,101
5660,120
5661,105
5662,92
5663,92
5664,94
5665,107
5666,78
5667,104
5668,86
5669,133
5670,108
5671,109
5672,101
5673,76
5674,100
5675,105
5676,91
5677,98
5678,109
5679,101
5680,104
5681,107
5682,118
5683,87
5684,129
5685,129
5686,91
5687,110
5688,127
5689,121
5690,74
5691,97
5692,92
5693,112
5694,114
5695,82
5696,89
5697,76
5698,98
5699,95
5700,106
5701,127
5702,104
5703,95
5704,112
5705,94
5706,97
5707,102
5708,82
5709,95
5710,88
5711,112
5712,84
5713,85
5714,89
5715,88
5716,125
5717,116
5718,107
5719,93
5720,99
5721,123
5722,95
5723,83
5724,112
5725,96
5726,97
5727,96
5728,97
5729,107
5730,95
5731,104
5732,115
5733,122
5734,86
5735,115
5736,116
5737,118
5738,100
5739,96
5740,76
5741,101
5742,126
5743,104
5744,96
5745,108
5746,82
5747,95
5748,112
5749,108
5750,92
5751,126
5752,78
5753,104
5754,112
5755,118
5756,101
5757,111
5758,100
5759,125
5760,104
5761,117
5762,82
5763,98
5764,108
5765,107
5766,91
5767,72
5768,73
5769,85
5770,141
5771,54
5772,97
5773,95
5774,100
5775,98
5776,85
5777,115
5778,75
5779,128
5780,106
5781,86
5782,89
5783,117
5784,79
5785,100
5786,99
5787,99
5788,108
5789,109
5790,106
5791,116
5792,103
5793,92
5794,83
5795,100
5796,105
5797,73
5798,106
5799,86
5800,86
5801,102
5802,68
5803,121
5804,113
5805,82
5806,97
5807,102
5808,88
5809,92
5810,98
5811,99
5812,98
5813,100
5814,105
5815,94
5816,106
5817,117
5818,106
5819,126
5820,78
5821,91
5822,105
5823,103
5824,94
5825,109
5826,103
5827,117
5828,84
5829,100
5830,93
5831,112
5832,108
5833,92
5834,115
5835,99
5836,81
5837,96
5838,134
5839,97
5840,103
5841,104
5842,99
5843,122
5844,110
5845,109
5846,95
5847,110
5848,95
5849,106
5850,130
5851,123
5852,98
5853,103
5854,83
5855,96
5856,66
5857,113
5858,88
5859,98
5860,93
5861,115
5862,120
5863,121
5864,80
5865,109
5866,86
5867,102
5868,114
5869,96
5870,103
5871,90
5872,116
5873,96
5874,91
5875,105
5876,113
5877,79
5878,106
5879,92
5880,110
5881,92
5882,87
5883,89
5884,102
5885,108
5886,90
5887,100
5888,90
5889,94
5890,92
5891,89
5892,81
5893,98
5894,116
5895,101
5896,95
5897,112
5898,92
5899,102
5900,76
5901,99
5902,95
5903,72
5904,93
5905,64
5906,91
5907,107
5908,86
5909,89
5910,77
5911,104
5912,93
5913,99
5914,117
5915,85
5916,118
5917,96
5918,115
5919,98
5920,75
5921,81
5922,96
5923,75
5924,107
5925,112
5926,77
5927,95
5928,98
5929,110
5930,106
5931,93
5932,78
5933,100
5934,98
5935,87
5936,131
5937,102
5938,90
5939,91
5940,112
5941,117
5942,109
5943,115
5944,81
5945,99
5946,82
5947,112
5948,113
5949,85
5950,91
5951,85
5952,103
5953,98
5954,100
5955,95
5956,127
5957,114
5958,97
5959,77
5960,74
5961,75
5962,106
5963,97
5964,118
5965,110
5966,66
5967,87
5968,74
5969,93
5970,104
5971,101
5972,99
5973,82
5974,134
5975,102
5976,123
5977,112
5978,109
5979,109
5980,91
5981,91
5982,98
5983,97
5984,63
5985,99
5986,108
5987,80
5988,83
5989,100
5990,106
5991,97
5992,105
5993,101
5994,94
5995,99
5996,99
5997,100
5998,97
5999,105
6000,114
6001,106
6002,65
6003,79
6004,108
6005,87
6006,117
6007,77
6008,112
6009,86
6010,116
6011,88
6012,85
6013,101
6014,77
6015,85
6016,113
6017,121
6018,96
6019,92
6020,77
6021,109
6022,93
6023,81
6024,104
6025,80
6026,102
6027,94
6028,102
6029,78
6030,102
6031,73
6032,104
6033,98
6034,71
6035,99
6036,110
6037,93
6038,80
6039,93
6040,65
6041,104
6042,111
6043,92
6044,96
6045,116
6046,123
6047,110
6048,84
6049,118
6050,109
6051,103
6052,104
6053,116
6054,72
6055,97
6056,82
6057,106
6058,87
6059,146
6060,111
6061,82
6062,114
6063,93
6064,101
6065,97
6066,72
6067,90
6068,83
6069,63
6070,92
6071,96
6072,77
6073,116
6074,105
6075,101
6076,107
6077,108
6078,104
6079,123
6080,68
6081,107
6082,94
6083,121
6084,105
6085,98
6086,121
6087,97
6088,106
6089,90
6090,101
6091,130
6092,112
6093,106
6094,79
6095,135
6096,81
6097,101
6098,106
6099,109
6100,89
6101,110
6102,81
6103,124
6104,80
6105,92
6106,108
6107,97
6108,122
6109,118
6110,107
6111,89
6112,98
6113,78
6114,87
6115,96
6116,113
6117,106
6118,95
6119,88
6120,111
6121,91
6122,110
6123,107
6124,116
6125,87
6126,93
6127,99
6128,95
6129,89
6130,89
6131,80
6132,88
6133,110
6134,113
6135,104
6136,96
6137,98
6138,121
6139,112
6140,60
6141,87
6142,92
6143,122
6144,109
6145,78
6146,110
6147,143
6148,112
6149,86
6150,122
6151,105
6152,89
6153,100
6154,96
6155,89
6156,81
6157,90
6158,99
6159,111
6160,80
6161,79
6162,101
6163,95
6164,94
6165,86
6166,86
6167,83
6168,73
6169,105
6170,107
6171,124
6172,108
6173,99
6174,107
6175,94
6176,87
6177,109
6178,104
6179,80
6180,99
6181,87
6182,113
6183,93
6184,125
6185,117
6186,83
6187,89
6188,110
6189,100
6190,95
6191,100
6192,98
6193,115
6194,95
6195,107
6196,106
6197,118
6198,98
6199,102
6200,105
6201,90
6202,97
6203,86
6204,110
6205,123
6206,71
6207,114
6208,99
6209,118
6210,103
6211,114
6212,98
6213,100
6214,114
6215,136
6216,92
6217,101
6218,89
6219,96
6220,92
6221,85
6222,107
6223,103
6224,86
6225,82
6226,113
6227,92
6228,133
6229,98
6230,100
6231,96
6232,78
6233,78
6234,120
6235,120
6236,85
6237,107
6238,119
6239,80
6240,99
6241,92
6242,102
6243,118
6244,105
6245,108
6246,66
6247,110
6248,99
6249,132
6250,108
6251,95
6252,128
6253,98
6254,104
6255,79
6256,90
6257,89
6258,97
6259,81
6260,74
6261,101
6262,77
6263,110
6264,129
6265,103
6266,103
6267,66
6268,109
6269,98
6270,107
6271,82
6272,95
6273,118
6274,88
6275,95
6276,113
6277,110
6278,115
6279,89
6280,97
6281,86
6282,85
6283,85
6284,99
6285,123
6286,119
6287,108
6288,86
6289,84
6290,95
6291,106
6292,108
6293,103
6294,98
6295,103
6296,91
6297,78
6298,95
6299,102
6300,98
6301,77
6302,96
6303,90
6304,120
6305,108
6306,54
6307,100
6308,82
6309,78
6310,65
6311,113
6312,115
6313,77
6314,116
6315,131
6316,96
6317,86
6318,98
6319,117
6320,119
6321,99
6322,86
6323,103
6324,98
6325,101
6326,94
6327,102
6328,72
6329,105
6330,117
6331,97
6332,101
6333,75
6334,107
6335,113
6336,124
6337,64
6338,107
6339,73
6340,105
6341,91
6342,107
6343,106
6344,101
6345,93
6346,102
6347,114
6348,104
6349,111
6350,79
6351,100
6352,92
6353,111
6354,107
6355,92
6356,102
6357,97
6358,105
6359,105
6360,101
6361,79
6362,122
6363,115
6364,101
6365,107
6366,109
6367,89
6368,118
6369,69
6370,74
6371,89
6372,105
6373,101
6374,101
6375,98
6376,95
6377,80
6378,79
6379,80
6380,83
6381,78
6382,78
6383,95
6384,115
6385,106
6386,86
6387,89
6388,128
6389,92
6390,83
6391,95
6392,91
6393,87
6394,100
6395,119
6396,80
6397,105
6398,114
6399,106
6400,115
6401,108
6402,89
6403,126
6404,107
6405,134
6406,72
6407,135
6408,112
6409,107
6410,86
6411,111
6412,117
6413,73
6414,108
6415,90
6416,108
6417,84
6418,119
6419,98
6420,111
6421,114
6422,104
6423,86
6424,109
6425,98
6426,102
6427,94
6428,73
6429,100
6430,91
6431,104
6432,99
6433,92
6434,132
6435,95
6436,101
6437,128
6438,84
6439,112
6440,88
6441,96
6442,105
6443,117
6444,84
6445,103
6446,88
6447,109
6448,114
6449,110
6450,87
6451,83
6452,97
6453,81
6454,107
6455,121
6456,88
6457,107
6458,88
6459,118
6460,115
6461,98
6462,111
6463,112
6464,82
6465,107
6466,90
6467,101
6468,94
6469,100
6470,113
6471,82
6472,73
6473,93
6474,116
6475,86
6476,92
6477,117
6478,120
6479,110
6480,106
6481,115
6482,93
6483,110
6484,88
6485,124
6486,115
6487,109
6488,94
6489,110
6490,99
6491,91
6492,108
6493,71
6494,113
6495,84
6496,110
6497,77
6498,93
6499,106
6500,113
6501,89
6502,86
6503,115
6504,128
6505,86
6506,60
6507,122
6508,97
6509,86
6510,100
6511,129
6512,109
6513,111
6514,102
6515,107
6516,125
6517,86
6518,111
6519,99
6520,99
6521,82
6522,106
6523,108
6524,97
6525,121
6526,101
6527,68
6528,108
6529,82
6530,121
6531,128
6532,115
6533,99
6534,109
6535,88
6536,109
6537,88
6538,128
6539,85
6540,75
6541,97
6542,108
6543,134
6544,89
6545,100
6546,99
6547,84
6548,84
6549,71
6550,122
6551,88
6552,68
6553,94
6554,118
6555,107
6556,107
6557,124
6558,115
6559,60
6560,92
6561,106
6562,102
6563,108
6564,140
6565,85
6566,66
6567,63
6568,113
6569,97
6570,77
6571,96
6572,92
6573,94
6574,71
6575,108
6576,110
6577,101
6578,98
6579,102
6580,100
6581,73
6582,87
6583,103
6584,88
6585,113
6586,79
6587,135
6588,131
6589,95
6590,77
6591,91
6592,118
6593,94
6594,105
6595,100
6596,108
6597,107
6598,95
6599,121
6600,107
6601,117
6602,96
6603,97
6604,140
6605,99
6606,118
6607,78
6608,105
6609,93
6610,123
6611,89
6612,93
6613,108
6614,84
6615,101
6616,90
6617,102
6618,98
6619,127
6620,106
6621,80
6622,86
6623,93
6624,89
6625,121
6626,91
6627,99
6628,109
6629,141
6630,97
6631,124
6632,93
6633,114
6634,87
6635,112
6636,94
6637,113
6638,112
6639,109
6640,106
6641,92
6642,110
6643,75
6644,138
6645,109
6646,108
6647,107
6648,88
6649,91
6650,103
6651,92
6652,82
6653,98
6654,105
6655,99
6656,115
6657,102
6658,123
6659,134
6660,98
6661,83
6662,82
6663,99
6664,112
6665,94
6666,100
6667,92
6668,95
6669,101
6670,114
6671,113
6672,66
6673,110
6674,109
6675,98
6676,94
6677,109
6678,101
6679,96
6680,132
6681,107
6682,92
6683,111
6684,106
6685,105
6686,113
6687,92
6688,103
6689,87
6690,112
6691,100
6692,87
6693,99
6694,103
6695,113
6696,118
6697,114
6698,108
6699,111
6700,96
6701,83
6702,90
6703,100
6704,96
6705,96
6706,104
6707,114
6708,104
6709,92
6710,81
6711,97
6712,69
6713,116
6714,101
6715,126
6716,120
6717,108
6718,92
6719,94
6720,123
6721,107
6722,80
6723,95
6724,121
6725,116
6726,106
6727,120
6728,81
6729,91
6730,98
6731,92
6732,111
6733,112
6734,107
6735,84
6736,126
6737,105
6738,76
6739,81
6740,88
6741,124
6742,86
6743,84
6744,116
6745,113
6746,91
6747,107
6748,96
6749,109
6750,95
6751,107
6752,100
6753,91
6754,113
6755,101
6756,114
6757,107
6758,99
6759,117
6760,103
6761,107
6762,95
6763,93
6764,102
6765,86
6766,102
6767,103
6768,84
6769,119
6770,121
6771,120
6772,97
6773,102
6774,94
6775,111
6776,97
6777,103
6778,105
6779,83
6780,99
6781,113
6782,157
6783,73
6784,90
6785,91
6786,81
6787,129
6788,99
6789,97
6790,109
6791,91
6792,111
6793,91
6794,120
6795,102
6796,120
6797,109
6798,65
6799,81
6800,124
6801,95
6802,73
6803,92
6804,94
6805,119
6806,87
6807,98
6808,116
6809,93
6810,87
6811,105
6812,111
6813,99
6814,109
6815,92
6816,70
6817,113
6818,84
6819,91
6820,103
6821,114
6822,98
6823,92
6824,122
6825,95
6826,96
6827,76
6828,101
6829,121
6830,78
6831,89
6832,99
6833,108
6834,104
6835,100
6836,90
6837,120
6838,68
6839,117
6840,130
6841,111
6842,91
6843,104
6844,82
6845,85
6846,108
6847,108
6848,105
6849,82
6850,135
6851,108
6852,98
6853,101
6854,90
6855,87
6856,137
6857,87
6858,90
6859,95
6860,89
6861,100
6862,93
6863,98
6864,95
6865,96
6866,76
6867,95
6868,98
6869,95
6870,96
6871,113
6872,92
6873,115
6874,130
6875,90
6876,105
6877,103
6878,100
6879,75
6880,113
6881,94
6882,117
6883,99
6884,117
6885,107
6886,111
6887,109
6888,97
6889,94
6890,106
6891,110
6892,99
6893,111
6894,88
6895,103
6896,117
6897,103
6898,98
6899,113
6900,123
6901,108
6902,76
6903,88
6904,115
6905,92
6906,101
6907,92
6908,113
6909,107
6910,90
6911,112
6912,113
6913,109
6914,103
6915,155
6916,78
6917,95
6918,100
6919,119
6920,96
6921,117
6922,91
6923,107
6924,113
6925,91
6926,111
6927,121
6928,98
6929,85
6930,95
6931,99
6932,114
6933,86
6934,110
6935,108
6936,107
6937,118
6938,104
6939,92
6940,99
6941,101
6942,92
6943,78
6944,101
6945,103
6946,99
6947,100
6948,86
6949,64
6950,96
6951,79
6952,105
6953,83
6954,99
6955,95
6956,88
6957,115
6958,82
6959,64
6960,81
6961,122
6962,95
6963,116
6964,99
6965,118
6966,87
6967,104
6968,111
6969,81
6970,84
6971,96
6972,107
6973,88
6974,117
6975,114
6976,99
6977,106
6978,110
6979,112
6980,107
6981,91
6982,75
6983,102
6984,118
6985,119
6986,104
6987,93
6988,113
6989,83
6990,90
6991,78
6992,114
6993,75
6994,106
6995,134
6996,106
6997,85
6998,93
6999,77
7000,86
7001,89
7002,87
7003,102
7004,58
7005,81
7006,108
7007,131
7008,106
7009,87
7010,112
7011,116
7012,88
7013,87
7014,124
7015,83
7016,126
7017,108
7018,119
7019,115
7020,115
7021,82
7022,110
7023,119
7024,96
7025,70
7026,80
7027,76
7028,94
7029,79
7030,90
7031,130
7032,112
7033,109
7034,117
7035,80
7036,85
7037,101
7038,89
7039,94
7040,109
7041,114
7042,108
7043,117
7044,60
7045,130
7046,112
7047,94
7048,77
7049,97
7050,88
7051,118
7052,110
7053,90
7054,78
7055,96
7056,115
7057,108
7058,78
7059,92
7060,114
7061,98
7062,99
7063,128
7064,83
7065,116
7066,93
7067,94
7068,102
7069,104
7070,109
7071,97
7072,110
7073,102
7074,91
7075,81
7076,109
7077,104
7078,90
7079,78
7080,91
7081,70
7082,114
7083,98
7084,103
7085,93
7086,126
7087,110
7088,94
7089,94
7090,90
7091,97
7092,105
7093,105
7094,95
7095,121
7096,69
7097,91
7098,110
7099,121
7100,102
7101,122
7102,125
7103,94
7104,87
7105,87
7106,78
7107,81
7108,85
7109,82
7110,115
7111,93
7112,79
7113,94
7114,103
7115,96
7116,96
7117,72
7118,113
7119,94
7120,80
7121,98
7122,92
7123,101
7124,138
7125,88
7126,111
7127,95
7128,94
7129,118
7130,102
7131,124
7132,99
7133,120
7134,94
7135,89
7136,106
7137,101
7138,79
7139,102
7140,88
7141,112
7142,90
7143,94
7144,84
7145,115
7146,106
7147,134
7148,118
7149,93
7150,76
7151,90
7152,97
7153,72
7154,87
7155,115
7156,87
7157,86
7158,107
7159,91
7160,100
7161,105
7162,90
7163,111
7164,110
7165,104
7166,122
7167,113
7168,95
7169,88
7170,102
7171,98
7172,99
7173,91
7174,100
7175,123
7176,110
7177,102
7178,118
7179,110
7180,95
7181,99
7182,113
7183,103
7184,106
7185,81
7186,92
7187,99
7188,116
7189,128
7190,86
7191,90
7192,106
7193,131
7194,85
7195,70
7196,102
7197,79
7198,108
7199,111
7200,96
7201,93
7202,89
7203,100
7204,80
7205,93
7206,89
7207,104
7208,105
7209,121
7210,85
7211,94
7212,114
7213,107
7214,90
7215,80
7216,127
7217,76
7218,81
7219,102
7220,114
7221,86
7222,110
7223,84
7224,112
7225,112
7226,86
7227,113
7228,85
7229,62
7230,97
7231,105
7232,111
7233,116
7234,84
7235,99
7236,93
7237,99
7238,134
7239,97
7240,85
7241,96
7242,112
7243,107
7244,115
7245,127
7246,127
7247,87
7248,111
7249,73
7250,116
7251,76
7252,76
7253,97
7254,113
7255,85
7256,92
7257,87
7258,102
7259,113
7260,100
7261,90
7262,123
7263,115
7264,88
7265,86
7266,93
7267,114
7268,61
7269,119
7270,94
7271,81
7272,102
7273,104
7274,113
7275,117
7276,105
7277,107
7278,100
7279,109
7280,90
7281,94
7282,76
7283,124
7284,90
7285,116
7286,118
7287,76
7288,102
7289,109
7290,91
7291,79
7292,122
7293,109
7294,100
7295,84
7296,84
7297,102
7298,93
7299,103
7300,105
7301,93
7302,125
7303,88
7304,85
7305,106
7306,107
7307,84
7308,94
7309,76
7310,91
7311,112
7312,80
7313,83
7314,87
7315,117
7316,114
7317,68
7318,73
7319,101
7320,75
7321,118
7322,67
7323,88
7324,103
7325,122
7326,99
7327,104
7328,102
7329,114
7330,104
7331,111
7332,111
7333,116
7334,67
7335,77
7336,110
7337,129
7338,104
7339,96
7340,114
7341,119
7342,110
7343,99
7344,100
7345,103
7346,119
7347,106
7348,106
7349,114
7350,99
7351,103
7352,129
7353,90
7354,91
7355,87
7356,104
7357,105
7358,71
7359,114
7360,83
7361,106
7362,101
7363,57
7364,64
7365,83
7366,117
7367,71
7368,116
7369,73
7370,67
7371,104
7372,99
7373,73
7374,81
7375,104
7376,94
7377,109
7378,94
7379,114
7380,82
7381,108
7382,80
7383,104
7384,109
7385,84
7386,105
7387,108
7388,107
7389,88
7390,94
7391,125
7392,86
7393,102
7394,96
7395,105
7396,121
7397,91
7398,105
7399,110
7400,95
7401,87
7402,101
7403,100
7404,75
7405,88
7406,110
7407,93
7408,106
7409,84
7410,101
7411,101
7412,104
7413,94
7414,102
7415,128
7416,106
7417,122
7418,97
7419,61
7420,111
7421,129
7422,102
7423,91
7424,101
7425,117
7426,102
7427,89
7428,85
7429,110
7430,146
7431,82
7432,109
7433,110
7434,83
7435,112
7436,130
7437,114
7438,94
7439,79
7440,106
7441,97
7442,109
7443,95
7444,86
7445,101
7446,117
7447,112
7448,95
7449,82
7450,95
7451,95
7452,99
7453,129
7454,95
7455,101
7456,111
7457,107
7458,121
7459,91
7460,90
7461,94
7462,86
7463,100
7464,102
7465,95
7466,108
7467,108
7468,89
7469,108
7470,82
7471,86
7472,121
7473,96
7474,96
7475,125
7476,102
7477,96
7478,86
7479,106
7480,121
7481,98
7482,119
7483,97
7484,88
7485,92
7486,88
7487,120
7488,116
7489,105
7490,64
7491,122
7492,94
7493,90
7494,95
7495,100
7496,106
7497,116
7498,107
7499,100
7500,94
7501,86
7502,105
7503,107
7504,88
7505,84
7506,111
7507,93
7508,82
7509,85
7510,107
7511,123
7512,115
7513,71
7514,98
7515,112
7516,77
7517,124
7518,72
7519,109
7520,94
7521,103
7522,101
7523,86
7524,108
7525,96
7526,108
7527,90
7528,96
7529,108
7530,89
7531,117
7532,104
7533,129
7534,97
7535,104
7536,96
7537,100
7538,108
7539,124
7540,121
7541,111
7542,83
7543,94
7544,108
7545,88
7546,99
7547,102
7548,127
7549,97
7550,76
7551,111
7552,115
7553,134
7554,93
7555,79
7556,105
7557,107
7558,108
7559,93
7560,106
7561,101
7562,91
7563,83
7564,95
7565,98
7566,110
7567,99
7568,92
7569,108
7570,98
7571,89
7572,105
7573,110
7574,98
7575,124
7576,118
7577,107
7578,94
7579,72
7580,81
7581,113
7582,86
7583,106
7584,86
7585,97
7586,92
7587,112
7588,113
7589,75
7590,120
7591,96
7592,116
7593,119
7594,91
7595,124
7596,73
7597,84
7598,93
7599,84
7600,78
7601,115
7602,93
7603,101
7604,110
7605,116
7606,123
7607,86
7608,123
7609,102
7610,102
7611,95
7612,104
7613,123
7614,109
7615,116
7616,86
7617,93
7618,101
7619,107
7620,105
7621,126
7622,90
7623,106
7624,107
7625,93
7626,99
7627,90
7628,104
7629,80
7630,125
7631,96
7632,89
7633,73
7634,94
7635,96
7636,104
7637,96
7638,143
7639,80
7640,109
7641,106
7642,79
7643,95
7644,135
7645,92
7646,130
7647,98
7648,100
7649,94
7650,85
7651,81
7652,90
7653,111
7654,108
7655,94
7656,128
7657,87
7658,106
7659,80
7660,104
7661,107
7662,97
7663,100
7664,92
7665,113
7666,113
7667,106
7668,110
7669,108
7670,93
7671,105
7672,111
7673,96
7674,108
7675,80
7676,82
7677,101
7678,95
7679,116
7680,97
7681,117
7682,99
7683,105
7684,93
7685,98
7686,89
7687,84
7688,113
7689,116
7690,113
7691,116
7692,103
7693,93
7694,89
7695,73
7696,108
7697,101
7698,105
7699,109
7700,120
7701,95
7702,107
7703,92
7704,74
7705,97
7706,121
7707,97
7708,86
7709,105
7710,113
7711,107
7712,120
7713,85
7714,120
7715,69
7716,69
7717,78
7718,107
7719,77
7720,90
7721,93
7722,111
7723,119
7724,113
7725,78
7726,102
7727,94
7728,97
7729,99
7730,93
7731,89
7732,93
7733,89
7734,115
7735,99
7736,115
7737,116
7738,120
7739,81
7740,103
7741,81
7742,127
7743,108
7744,92
7745,95
7746,112
7747,94
7748,79
7749,106
7750,118
7751,98
7752,111
7753,91
7754,101
7755,101
7756,94
7757,85
7758,89
7759,89
7760,93
7761,97
7762,102
7763,102
7764,98
7765,100
7766,87
7767,102
7768,76
7769,84
7770,84
7771,91
7772,104
7773,102
7774,104
7775,112
7776,102
7777,84
7778,100
7779,86
7780,94
7781,105
7782,97
7783,109
7784,100
7785,77
7786,94
7787,109
7788,106
7789,83
7790,93
7791,103
7792,92
7793,94
7794,103
7795,127
7796,104
7797,110
7798,86
7799,81
7800,86
7801,97
7802,103
7803,107
7804,113
7805,118
7806,68
7807,85
7808,124
7809,105
7810,98
7811,66
7812,80
7813,113
7814,92
7815,108
7816,93
7817,132
7818,99
7819,77
7820,108
7821,101
7822,90
7823,103
7824,115
7825,96
7826,85
7827,103
7828,90
7829,104
7830,119
7831,82
7832,72
7833,134
7834,101
7835,81
7836,84
7837,92
7838,104
7839,63
7840,110
7841,89
7842,122
7843,105
7844,113
7845,96
7846,103
7847,120
7848,87
7849,106
7850,108
7851,120
7852,90
7853,87
7854,117
7855,96
7856,86
7857,92
7858,79
7859,99
7860,56
7861,103
7862,76
7863,119
7864,89
7865,87
7866,100
7867,105
7868,100
7869,75
7870,101
7871,98
7872,98
7873,108
7874,88
7875,83
7876,109
7877,70
7878,104
7879,81
7880,121
7881,78
7882,78
7883,134
7884,118
7885,87
7886,81
7887,86
7888,105
7889,104
7890,94
7891,125
7892,88
7893,71
7894,140
7895,113
7896,96
7897,103
7898,101
7899,75
7900,99
7901,106
7902,105
7903,64
7904,102
7905,106
7906,99
7907,81
7908,119
7909,99
7910,96
7911,97
7912,78
7913,129
7914,116
7915,89
7916,71
7917,107
7918,111
7919,100
7920,94
7921,75
7922,108
7923,74
7924,104
7925,110
7926,95
7927,96
7928,62
7929,86
7930,92
7931,75
7932,119
7933,88
7934,93
7935,126
7936,115
7937,126
7938,119
7939,110
7940,87
7941,77
7942,111
7943,91
7944,64
7945,106
7946,103
7947,80
7948,120
7949,86
7950,133
7951,119
7952,115
7953,90
7954,102
7955,104
7956,95
7957,100
7958,125
7959,89
7960,106
7961,91
7962,76
7963,115
7964,106
7965,114
7966,85
7967,90
7968,105
7969,111
7970,117
7971,98
7972,107
7973,126
7974,94
7975,104
7976,97
7977,103
7978,120
7979,91
7980,87
7981,113
7982,122
7983,78
7984,94
7985,104
7986,100
7987,102
7988,101
7989,88
7990,61
7991,99
7992,96
7993,77
7994,89
7995,113
7996,97
7997,102
7998,83
7999,108
8000,133
8001,107
8002,106
8003,103
8004,90
8005,114
8006,98
8007,125
8008,126
8009,91
8010,111
8011,91
8012,117
8013,86
8014,103
8015,107
8016,111
8017,84
8018,106
8019,103
8020,82
8021,117
8022,124
8023,100
8024,98
8025,94
8026,138
8027,114
8028,89
8029,76
8030,93
8031,93
8032,103
8033,100
8034,117
8035,59
8036,108
8037,113
8038,73
8039,86
8040,92
8041,107
8042,93
8043,99
8044,88
8045,100
8046,90
8047,86
8048,102
8049,112
8050,103
8051,96
8052,115
8053,93
8054,98
8055,117
8056,93
8057,91
8058,111
8059,85
8060,118
8061,70
8062,101
8063,90
8064,105
8065,121
8066,82
8067,78
8068,117
8069,96
8070,98
8071,96
8072,94
8073,86
8074,96
8075,87
8076,115
8077,91
8078,119
8079,110
8080,84
8081,84
8082,96
8083,89
8084,88
8085,112
8086,104
8087,118
8088,83
8089,72
8090,89
8091,116
8092,90
8093,124
8094,92
8095,108
8096,99
8097,70
8098,90
8099,107
8100,99
8101,93
8102,97
8103,102
8104,59
8105,91
8106,87
8107,110
8108,111
8109,102
8110,101
8111,69
8112,86
8113,94
8114,98
8115,99
8116,70
8117,114
8118,84
8119,65
8120,111
8121,86
8122,110
8123,73
8124,93
8125,85
8126,105
8127,86
8128,105
8129,93
8130,90
8131,113
8132,129
8133,94
8134,88
8135,97
8136,101
8137,73
8138,84
8139,77
8140,82
8141,121
8142,65
8143,105
8144,94
8145,103
8146,82
8147,93
8148,118
8149,93
8150,121
8151,59
8152,108
8153,100
8154,78
8155,113
8156,88
8157,103
8158,85
8159,92
8160,110
8161,135
8162,86
8163,118
8164,120
8165,109
8166,111
8167,89
8168,85
8169,92
8170,104
8171,95
8172,88
8173,89
8174,95
8175,112
8176,83
8177,108
8178,107
8179,92
8180,104
8181,117
8182,95
8183,88
8184,85
8185,87
8186,111
8187,99
8188,75
8189,118
8190,97
8191,107
8192,109
8193,87
8194,81
8195,85
8196,97
8197,106
8198,127
8199,113
8200,70
8201,97
8202,65
8203,114
8204,97
8205,100
8206,96
8207,101
8208,89
8209,101
8210,85
8211,104
8212,104
8213,107
8214,98
8215,115
8216,127
8217,76
8218,80
8219,97
8220,93
8221,107
8222,107
8223,104
8224,75
8225,102
8226,127
8227,107
8228,99
8229,109
8230,87
8231,106
8232,99
8233,82
8234,103
8235,100
8236,112
8237,101
8238,103
8239,102
8240,102
8241,117
8242,110
8243,85
8244,98
8245,78
8246,122
8247,89
8248,88
8249,127
8250,91
8251,85
8252,109
8253,99
8254,86
8255,105
8256,109
8257,112
8258,103
8259,113
8260,112
8261,93
8262,125
8263,109
8264,120
8265,97
8266,112
8267,104
8268,114
8269,93
8270,91
8271,118
8272,103
8273,114
8274,78
8275,87
8276,92
8277,119
8278,118
8279,101
8280,107
8281,102
8282,85
8283,100
8284,86
8285,94
8286,96
8287,124
8288,102
8289,93
8290,109
8291,90
8292,139
8293,106
8294,62
8295,87
8296,127
8297,102
8298,92
8299,106
8300,76
8301,85
8302,78
8303,94
8304,124
8305,108
8306,107
8307,90
8308,111
8309,88
8310,96
8311,111
8312,98
8313,113
8314,96
8315,120
8316,106
8317,86
8318,91
8319,96
8320,114
8321,127
8322,77
8323,94
8324,118
8325,99
8326,97
8327,108
8328,79
8329,109
8330,104
8331,102
8332,116
8333,98
8334,100
8335,102
8336,69
8337,115
8338,108
8339,108
8340,105
8341,120
8342,103
8343,96
8344,73
8345,80
8346,95
8347,101
8348,91
8349,96
8350,86
8351,114
8352,95
8353,117
8354,96
8355,105
8356,107
8357,102
8358,83
8359,94
8360,68
8361,124
8362,49
8363,112
8364,101
8365,73
8366,103
8367,83
8368,106
8369,99
8370,103
8371,94
8372,119
8373,84
8374,89
8375,97
8376,98
8377,83
8378,70
8379,105
8380,104
8381,125
8382,118
8383,100
8384,89
8385,116
8386,87
8387,113
8388,78
8389,129
8390,83
8391,85
8392,71
8393,94
8394,106
8395,91
8396,86
8397,78
8398,104
8399,110
8400,102
8401,110
8402,81
8403,90
8404,96
8405,119
8406,119
8407,111
8408,111
8409,88
8410,101
8411,74
8412,111
8413,96
8414,130
8415,103
8416,88
8417,95
8418,90
8419,91
8420,99
8421,85
8422,99
8423,70
8424,102
8425,88
8426,79
8427,110
8428,73
8429,109
8430,107
8431,86
8432,95
8433,103
8434,103
8435,113
8436,110
8437,115
8438,117
8439,101
8440,95
8441,98
8442,94
8443,121
8444,88
8445,117
8446,92
8447,116
8448,110
8449,99
8450,103
8451,83
8452,108
8453,114
8454,120
8455,95
8456,133
8457,95
8458,93
8459,97
8460,97
8461,78
8462,83
8463,81
8464,103
8465,122
8466,89
8467,98
8468,87
8469,109
8470,104
8471,113
8472,84
8473,99
8474,96
8475,97
8476,114
8477,91
8478,93
8479,88
8480,132
8481,85
8482,108
8483,79
8484,106
8485,82
8486,102
8487,104
8488,98
8489,110
8490,106
8491,89
8492,107
8493,103
8494,114
8495,78
8496,101
8497,101
8498,94
8499,115
8500,89
8501,110
8502,89
8503,119
8504,106
8505,76
8506,117
8507,108
8508,101
8509,90
8510,87
8511,107
8512,76
8513,89
8514,110
8515,78
8516,79
8517,107
8518,96
8519,124
8520,95
8521,76
8522,116
8523,80
8524,84
8525,94
8526,102
8527,105
8528,114
8529,61
8530,85
8531,115
8532,86
8533,99
8534,120
8535,97
8536,96
8537,97
8538,119
8539,75
8540,126
8541,96
8542,94
8543,87
8544,82
8545,64
8546,118
8547,66
8548,99
8549,93
8550,104
8551,70
8552,87
8553,107
8554,102
8555,90
8556,101
8557,125
8558,116
8559,114
8560,108
8561,102
8562,89
8563,100
8564,129
8565,113
8566,94
8567,68
8568,111
8569,114
8570,91
8571,89
8572,70
8573,118
8574,93
8575,103
8576,83
8577,78
8578,122
8579,94
8580,88
8581,143
8582,114
8583,89
8584,111
8585,75
8586,95
8587,87
8588,106
8589,124
8590,74
8591,127
8592,111
8593,85
8594,85
8595,89
8596,87
8597,87
8598,72
8599,97
8600,111
8601,91
8602,104
8603,116
8604,77
8605,89
8606,77
8607,78
8608,120
8609,92
8610,106
8611,102
8612,110
8613,102
8614,101
8615,77
8616,100
8617,100
8618,85
8619,68
8620,103
8621,118
8622,73
8623,97
8624,66
8625,109
8626,117
8627,98
8628,109
8629,100
8630,85
8631,97
8632,99
8633,97
8634,105
8635,101
8636,97
8637,90
8638,107
8639,106
8640,102
8641,87
8642,83
8643,110
8644,86
8645,94
8646,76
8647,106
8648,81
8649,80
8650,85
8651,106
8652,96
8653,90
8654,124
8655,107
8656,70
8657,86
8658,70
8659,92
8660,115
8661,103
8662,96
8663,92
8664,104
8665,74
8666,98
8667,102
8668,80
8669,86
8670,129
8671,107
8672,74
8673,88
8674,99
8675,134
8676,113
8677,116
8678,105
8679,85
8680,123
8681,112
8682,119
8683,125
8684,123
8685,99
8686,104
8687,102
8688,113
8689,104
8690,102
8691,98
8692,97
8693,104
8694,119
8695,85
8696,101
8697,105
8698,124
8699,93
8700,88
8701,122
8702,107
8703,93
8704,115
8705,71
8706,99
8707,104
8708,108
8709,87
8710,87
8711,123
8712,100
8713,102
8714,89
8715,86
8716,91
8717,117
8718,90
8719,96
8720,124
8721,132
8722,78
8723,68
8724,89
8725,85
8726,107
8727,99
8728,98
8729,113
8730,68
8731,90
8732,98
8733,115
8734,99
8735,106
8736,95
8737,99
8738,95
8739,96
8740,101
8741,121
8742,106
8743,96
8744,108
8745,102
8746,108
8747,94
8748,107
8749,107
8750,78
8751,94
8752,97
8753,95
8754,84
8755,62
8756,115
8757,67
8758,129
8759,96
8760,89
8761,76
8762,75
8763,86
8764,102
8765,121
8766,76
8767,105
8768,72
8769,86
8770,107
8771,84
8772,123
8773,111
8774,107
8775,91
8776,87
8777,93
8778,103
8779,103
8780,87
8781,89
8782,76
8783,134
8784,86
8785,74
8786,62
8787,89
8788,106
8789,98
8790,97
8791,110
8792,108
8793,86
8794,103
8795,101
8796,91
8797,121
8798,88
8799,91
8800,92
8801,113
8802,116
8803,120
8804,111
8805,98
8806,114
8807,105
8808,98
8809,93
8810,97
8811,92
8812,106
8813,96
8814,107
8815,107
8816,100
8817,93
8818,86
8819,98
8820,104
8821,79
8822,73
8823,98
8824,86
8825,115
8826,119
8827,84
8828,74
8829,108
8830,103
8831,105
8832,111
8833,93
8834,97
8835,112
8836,106
8837,130
8838,104
8839,103
8840,113
8841,130
8842,110
8843,95
8844,90
8845,102
8846,83
8847,109
8848,104
8849,107
8850,73
8851,120
8852,83
8853,81
8854,69
8855,90
8856,102
8857,98
8858,110
8859,119
8860,120
8861,96
8862,97
8863,97
8864,93
8865,130
8866,104
8867,107
8868,110
8869,118
8870,96
8871,107
8872,108
8873,76
8874,92
8875,97
8876,114
8877,152
8878,93
8879,92
8880,106
8881,74
8882,73
8883,97
8884,91
8885,116
8886,94
8887,80
8888,84
8889,117
8890,89
8891,94
8892,95
8893,91
8894,104
8895,126
8896,108
8897,112
8898,85
8899,105
8900,120
8901,96
8902,99
8903,111
8904,122
8905,117
8906,80
8907,105
8908,90
8909,95
8910,80
8911,96
8912,87
8913,97
8914,107
8915,104
8916,113
8917,92
8918,74
8919,123
8920,108
8921,108
8922,108
8923,103
8924,114
8925,90
8926,111
8927,105
8928,101
8929,92
8930,103
8931,96
8932,112
8933,93
8934,84
8935,108
8936,131
8937,103
8938,97
8939,126
8940,106
8941,97
8942,125
8943,88
8944,95
8945,105
8946,142
8947,86
8948,82
8949,103
8950,122
8951,113
8952,89
8953,82
8954,90
8955,101
8956,104
8957,96
8958,96
8959,95
8960,109
8961,105
8962,109
8963,105
8964,71
8965,100
8966,89
8967,123
8968,82
8969,71
8970,111
8971,103
8972,102
8973,106
8974,98
8975,93
8976,102
8977,84
8978,122
8979,90
8980,81
8981,105
8982,87
8983,117
8984,70
8985,75
8986,94
8987,101
8988,88
8989,96
8990,125
8991,89
8992,75
8993,96
8994,83
8995,108
8996,107
8997,97
8998,105
8999,83
9000,114
9001,91
9002,125
9003,95
9004,93
9005,97
9006,108
9007,121
9008,105
9009,132
9010,87
9011,96
9012,83
9013,92
9014,90
9015,77
9016,114
9017,108
9018,94
9019,104
9020,93
9021,96
9022,107
9023,99
9024,100
9025,71
9026,112
9027,119
9028,115
9029,91
9030,114
9031,106
9032,87
9033,95
9034,98
9035,65
9036,102
9037,83
9038,84
9039,102
9040,94
9041,85
9042,102
9043,87
9044,87
9045,117
9046,102
9047,104
9048,123
9049,96
9050,90
9051,90
9052,127
9053,98
9054,86
9055,102
9056,90
9057,93
9058,124
9059,101
9060,80
9061,93
9062,72
9063,88
9064,115
9065,89
9066,139
9067,60
9068,93
9069,101
9070,100
9071,108
9072,95
9073,118
9074,81
9075,96
9076,83
9077,92
9078,96
9079,109
9080,84
9081,95
9082,100
9083,102
9084,83
9085,103
9086,117
9087,117
9088,95
9089,107
9090,97
9091,115
9092,110
9093,82
9094,97
9095,90
9096,98
9097,82
9098,98
9099,97
9100,98
9101,103
9102,76
9103,111
9104,112
9105,121
9106,98
9107,103
9108,115
9109,89
9110,107
9111,88
9112,107
9113,105
9114,86
9115,107
9116,93
9117,97
9118,112
9119,116
9120,106
9121,100
9122,110
9123,95
9124,113
9125,90
9126,96
9127,86
9128,98
9129,122
9130,122
9131,124
9132,90
9133,140
9134,117
9135,115
9136,103
9137,76
9138,90
9139,93
9140,97
9141,93
9142,99
9143,107
9144,101
9145,96
9146,96
9147,121
9148,94
9149,111
9150,100
9151,72
9152,134
9153,118
9154,133
9155,113
9156,100
9157,108
9158,92
9159,87
9160,131
9161,95
9162,102
9163,107
9164,96
9165,114
9166,98
9167,152
9168,71
9169,89
9170,116
9171,76
9172,102
9173,95
9174,98
9175,118
9176,102
9177,88
9178,115
9179,103
9180,79
9181,89
9182,98
9183,111
9184,98
9185,114
9186,101
9187,89
9188,100
9189,110
9190,97
9191,83
9192,102
9193,86
9194,122
9195,117
9196,96
9197,106
9198,98
9199,122
9200,75
9201,102
9202,85
9203,106
9204,71
9205,104
9206,129
9207,91
9208,77
9209,109
9210,95
9211,114
9212,116
9213,115
9214,99
9215,127
9216,111
9217,89
9218,90
9219,119
9220,110
9221,89
9222,94
9223,99
9224,112
9225,96
9226,119
9227,105
9228,120
9229,82
9230,122
9231,117
9232,101
9233,92
9234,119
9235,93
9236,99
9237,107
9238,82
9239,97
9240,86
9241,76
9242,131
9243,90
9244,109
9245,131
9246,90
9247,81
9248,126
9249,86
9250,93
9251,91
9252,102
9253,72
9254,109
9255,106
9256,112
9257,112
9258,106
9259,95
9260,100
9261,90
9262,102
9263,88
9264,102
9265,93
9266,87
9267,115
9268,111
9269,100
9270,73
9271,86
9272,98
9273,107
9274,107
9275,103
9276,100
9277,96
9278,90
9279,124
9280,115
9281,108
9282,82
9283,82
9284,99
9285,92
9286,82
9287,101
9288,71
9289,98
9290,107
9291,107
9292,72
9293,72
9294,96
9295,90
9296,81
9297,67
9298,86
9299,98
9300,96
9301,81
9302,84
9303,94
9304,87
9305,104
9306,108
9307,106
9308,83
9309,105
9310,105
9311,122
9312,129
9313,118
9314,93
9315,88
9316,96
9317,91
9318,131
9319,114
9320,109
9321,112
9322,120
9323,109
9324,97
9325,111
9326,111
9327,83
9328,136
9329,90
9330,123
9331,97
9332,117
9333,100
9334,78
9335,116
9336,122
9337,99
9338,112
9339,89
9340,100
9341,116
9342,105
9343,107
9344,115
9345,125
9346,116
9347,104
9348,99
9349,102
9350,80
9351,104
9352,82
9353,94
9354,111
9355,94
9356,121
9357,99
9358,118
9359,95
9360,98
9361,117
9362,97
9363,105
9364,93
9365,65
9366,91
9367,121
9368,105
9369,113
9370,113
9371,111
9372,123
9373,95
9374,122
9375,110
9376,106
9377,69
9378,106
9379,113
9380,103
9381,118
9382,119
9383,95
9384,101
9385,96
9386,93
9387,101
9388,103
9389,68
9390,99
9391,106
9392,101
9393,98
9394,84
9395,80
9396,92
9397,72
9398,99
9399,87
9400,103
9401,91
9402,70
9403,85
9404,102
9405,111
9406,95
9407,103
9408,97
9409,96
9410,87
9411,99
9412,90
9413,120
9414,89
9415,102
9416,84
9417,97
9418,84
9419,91
9420,114
9421,99
9422,112
9423,96
9424,111
9425,112
9426,110
9427,114
9428,107
9429,93
9430,78
9431,88
9432,105
9433,116
9434,107
9435,95
9436,93
9437,100
9438,109
9439,100
9440,92
9441,87
9442,89
9443,89
9444,99
9445,87
9446,91
9447,110
9448,108
9449,125
9450,105
9451,78
9452,76
9453,101
9454,99
9455,96
9456,82
9457,85
9458,116
9459,115
9460,103
9461,109
9462,82
9463,104
9464,90
9465,118
9466,107
9467,76
9468,81
9469,98
9470,86
9471,116
9472,72
9473,98
9474,76
9475,94
9476,81
9477,98
9478,86
9479,89
9480,115
9481,93
9482,58
9483,97
9484,121
9485,105
9486,113
9487,90
9488,109
9489,93
9490,104
9491,117
9492,83
9493,73
9494,93
9495,104
9496,124
9497,101
9498,109
9499,89
9500,90
9501,105
9502,123
9503,100
9504,103
9505,89
9506,91
9507,116
9508,78
9509,88
9510,96
9511,101
9512,98
9513,111
9514,144
9515,84
9516,104
9517,89
9518,113
9519,127
9520,99
9521,115
9522,85
9523,119
9524,125
9525,98
9526,110
9527,81
9528,90
9529,108
9530,135
9531,72
9532,102
9533,118
9534,127
9535,96
9536,119
9537,111
9538,126
9539,97
9540,101
9541,90
9542,95
9543,95
9544,87
9545,126
9546,100
9547,92
9548,93
9549,76
9550,109
9551,87
9552,90
9553,117
9554,91
9555,106
9556,91
9557,92
9558,90
9559,97
9560,79
9561,111
9562,142
9563,108
9564,86
9565,110
9566,76
9567,88
9568,93
9569,115
9570,110
9571,78
9572,112
9573,91
9574,109
9575,88
9576,98
9577,87
9578,98
9579,82
9580,87
9581,90
9582,85
9583,94
9584,101
9585,119
9586,83
9587,84
9588,100
9589,75
9590,103
9591,100
9592,108
9593,133
9594,100
9595,91
9596,114
9597,99
9598,97
9599,126
9600,111
9601,85
9602,86
9603,79
9604,83
9605,116
9606,92
9607,73
9608,106
9609,102
9610,93
9611,90
9612,100
9613,101
9614,106
9615,73
9616,83
9617,93
9618,79
9619,107
9620,110
9621,90
9622,109
9623,103
9624,103
9625,56
9626,97
9627,91
9628,97
9629,93
9630,82
9631,94
9632,93
9633,113
9634,97
9635,91
9636,81
9637,140
9638,114
9639,102
9640,78
9641,77
9642,125
9643,124
9644,104
9645,87
9646,91
9647,86
9648,131
9649,96
9650,112
9651,114
9652,80
9653,101
9654,95
9655,119
9656,109
9657,99
9658,102
9659,89
9660,85
9661,88
9662,107
9663,113
9664,109
9665,76
9666,104
9667,109
9668,125
9669,79
9670,116
9671,123
9672,83
9673,109
9674,74
9675,99
9676,84
9677,110
9678,99
9679,94
9680,109
9681,87
9682,100
9683,110
9684,95
9685,101
9686,96
9687,121
9688,121
9689,98
9690,98
9691,84
9692,133
9693,111
9694,113
9695,121
9696,99
9697,95
9698,122
9699,91
9700,97
9701,104
9702,83
9703,112
9704,108
9705,91
9706,117
9707,82
9708,94
9709,122
9710,98
9711,77
9712,103
9713,95
9714,107
9715,116
9716,98
9717,64
9718,108
9719,84
9720,107
9721,112
9722,115
9723,112
9724,95
9725,98
9726,106
9727,112
9728,85
9729,113
9730,72
9731,68
9732,75
9733,107
9734,109
9735,103
9736,91
9737,107
9738,89
9739,95
9740,87
9741,109
9742,91
9743,105
9744,101
9745,124
9746,101
9747,118
9748,112
9749,83
9750,91
9751,95
9752,108
9753,111
9754,109
9755,88
9756,99
9757,93
9758,105
9759,75
9760,99
9761,73
9762,83
9763,124
9764,125
9765,90
9766,107
9767,107
9768,120
9769,103
9770,84
9771,87
9772,105
9773,72
9774,74
9775,112
9776,139
9777,90
9778,97
9779,98
9780,103
9781,87
9782,98
9783,111
9784,91
9785,100
9786,115
9787,99
9788,76
9789,65
9790,82
9791,117
9792,96
9793,105
9794,119
9795,81
9796,139
9797,98
9798,108
9799,89
9800,85
9801,100
9802,90
9803,101
9804,68
9805,79
9806,92
9807,82
9808,145
9809,102
9810,104
9811,83
9812,89
9813,92
9814,117
9815,78
9816,94
9817,106
9818,65
9819,75
9820,78
9821,97
9822,93
9823,113
9824,66
9825,93
9826,117
9827,76
9828,98
9829,111
9830,121
9831,81
9832,105
9833,100
9834,84
9835,81
9836,81
9837,155
9838,117
9839,101
9840,87
9841,108
9842,81
9843,104
9844,112
9845,97
9846,90
9847,92
9848,114
9849,99
9850,124
9851,72
9852,80
9853,101
9854,106
9855,98
9856,121
9857,85
9858,100
9859,116
9860,126
9861,96
9862,140
9863,101
9864,125
9865,94
9866,97
9867,117
9868,112
9869,99
9870,84
9871,139
9872,95
9873,101
9874,71
9875,91
9876,113
9877,97
9878,139
9879,104
9880,91
9881,125
9882,136
9883,120
9884,102
9885,97
9886,75
9887,105
9888,105
9889,82
9890,101
9891,116
9892,95
9893,104
9894,69
9895,127
9896,89
9897,95
9898,103
9899,97
9900,114
9901,94
9902,91
9903,113
9904,59
9905,80
9906,103
9907,112
9908,112
9909,59
9910,92
9911,112
9912,84
9913,96
9914,106
9915,100
9916,107
9917,97
9918,108
9919,108
9920,112
9921,111
9922,114
9923,92
9924,93
9925,103
9926,129
9927,103
9928,125
9929,122
9930,122
9931,121
9932,85
9933,83
9934,87
9935,116
9936,95
9937,90
9938,93
9939,107
9940,89
9941,92
9942,95
9943,113
9944,75
9945,100
9946,94
9947,109
9948,98
9949,86
9950,132
9951,123
9952,103
9953,108
9954,88
9955,103
9956,139
9957,118
9958,84
9959,106
9960,101
9961,107
9962,126
9963,86
9964,96
9965,83
9966,103
9967,101
9968,131
9969,87
9970,113
9971,60
9972,128
9973,100
9974,102
9975,96
9976,107
9977,91
9978,102
9979,120
9980,94
9981,95
9982,95
9983,114
9984,97
9985,93
9986,102
9987,115
9988,80
9989,111
9990,105
9991,105
9992,100
9993,100
9994,110
9995,76
9996,87
9997,74
9998,127
9999,118
